,INTENSITY,PLEASANTNESS,BAKERY,SWEET,FRUIT,FISH,GARLIC,SPICES,COLD,SOUR,BURNT,ACID,WARM,MUSKY,SWEATY,AMMONIA,DECAYED,WOOD,GRASS,FLOWER,CHEMICAL
62465,60.86351286790085,45.81250688157513,4.550130295688492,16.434253133486948,2.40202423195268,1.1231066768600613,2.0258861782871946,8.498849174764517,4.7736048109264,7.135037413999328,7.022040264077859,6.510890505148327,6.424059205518273,7.810756768943861,3.0240054384935604,5.581002353718652,3.8179378385270013,4.642753239052169,3.199555999937255,6.976079784618617,20.474939547496945
5634,44.22753896102205,34.755404631659275,2.168973995781967,4.545530457785674,1.2891141046320627,0.9426541403974866,2.178899610974426,4.43093176345465,3.909032010515446,9.941259883988224,9.354569405319914,6.2030681401196635,5.725198204749837,12.295341892056513,7.4994259988748695,5.652144533923712,4.962661307528734,5.5091724066861865,1.7132230846650973,5.90180799194921,15.817123574922846
7685,51.237698415354885,40.563352775221745,3.2736155636563,11.217667631879806,2.9235442363965376,1.1500999453561533,1.2067235628846618,6.726047586769891,4.605241844528692,6.973545908874357,6.204837713331457,6.283250890548324,6.23414640022338,7.734748608772264,3.383493216367185,5.725555267943176,3.513017946538696,4.959378054433259,2.603043623104506,8.039263561231628,19.630872403501286
1031,39.2297134102609,36.86437387533209,2.31939512090577,5.69743643848318,-0.03500827952166219,2.329110095226433,5.282534863074119,6.092420095269263,4.675913802879428,11.174001013798971,2.850865225462762,7.595967152445927,4.881478673785481,9.936763087629998,6.934241916603213,7.281829645292673,5.956675161015994,1.7449416727976725,2.4477175127089428,2.871872834759281,19.981740674111222
1032,36.41674785789047,36.761901105032166,4.038115823012982,8.483243389910967,1.570862631653597,1.6776677875166328,4.288025911438723,6.083553584361642,3.5676343819158376,12.977641917741764,4.61999419581398,7.2854791604198565,5.400346222561821,11.190752636467778,7.979607148468631,5.827208355962551,6.145555483121626,2.860893278818587,0.8932139088441353,1.6672939513958278,16.46114811487388
31244,61.82568494101426,48.97609763919347,5.0199747675670405,21.844270346252756,8.851243659001966,1.1604851373389238,1.3805532284064839,7.570515463503726,4.563669612473511,7.703175091763725,5.231487214534567,6.455912049534554,6.556241428503926,6.785639110931783,2.1473392541528256,5.33512092374805,3.9407406728588654,2.248097808307797,2.413622799583239,8.44073514049515,16.303817410408755
527,37.90413775266637,33.40747016883037,2.896408904955185,4.944720965847637,-0.4716246854335395,1.802396766748231,4.754852860022652,5.974840984942929,3.6394034330112817,13.042782875567724,3.165574363556324,7.541323659915621,5.067841929943041,11.05742952579024,7.1373230800520275,6.4791737903436495,5.928311818790647,3.2902707329212078,2.005188747276067,1.624419545895539,17.816927554561488
31249,43.188414095274,53.64672425536729,4.304323256003836,27.397791527294885,15.263064913195649,1.1935074947790696,2.7425218111557683,4.131758102390126,5.162589504938339,9.882855846529068,1.8397314068166253,6.235683610356361,5.907853194173638,5.499035890287075,3.212072231300027,3.236846988759969,4.442998398604814,0.7592228936206737,2.4274963761425266,8.257817121540327,11.783632989082975
31252,52.7550096205739,43.14660573340046,4.406709965859903,9.483511646946283,1.9859371422312506,1.3445648040874119,1.7338374821198954,6.21447291459862,4.344339396243768,7.894534127041254,6.987206764274191,6.9134520086231745,5.807867352871791,9.513617234173495,3.855122785748364,5.9300100708398995,4.8222138111225235,5.7276578508374065,3.8495299064910515,3.1072652824813796,16.155892513736063
5283349,62.08921606200735,34.46459717767357,2.702462984066948,6.2713364908933045,3.4472875788411557,0.9811613107433388,1.5631796999410028,5.409254223555491,2.871254222958335,10.992564650555892,7.973677467661581,6.471179994397277,5.841823068634284,11.307645251936378,5.982977930610133,5.697852837853128,4.397000542274242,5.635573925182129,5.789206594565824,5.326151637766565,15.726695773884586
15380,63.621713984701245,19.984337896330373,1.9836372086980023,-2.5434097092241927,-1.480515948458219,7.711658433410285,17.4390428143779,9.280819351980464,1.7929795290349944,16.626810646007755,10.157876679777587,7.358853459300564,4.94264864231925,13.894601039323476,9.084597314493664,7.963659906631774,14.56882292366248,2.3105860790809203,1.4551292628289385,0.22731958892644943,14.349659811914222
7710,57.253263792352016,40.55740594571688,3.0891153042016812,15.744580901912116,6.13228273497424,1.3288536583988773,2.069395266327348,4.723101122462426,4.811650184861094,7.1032073405454526,7.052782776769298,6.540326949647245,5.811437673927588,8.110991885806385,3.861612166249415,5.930249290559221,3.9396304254641734,3.978973679887382,2.631756675856357,6.69325542353191,19.00534907962495
31265,56.765324312593776,49.071866046648964,2.7430279427377595,24.805899790650074,16.136891546530933,1.2436195306823592,2.0837952016503323,4.582202558218944,5.194611358830855,8.778695356821942,2.2377430583361573,6.696403855336283,5.239440268332562,5.809018129568273,3.3134037272386934,4.875146155177145,4.843104332294004,1.7791443481632,2.7290575360206457,7.343602791675921,18.041694493153983
7714,49.90606115755904,38.73496310454547,2.3601781068899323,12.213840452997658,4.1544379259221955,1.158929492851108,1.7023268645652365,4.028545436368574,4.771224467086732,6.6170673111355,8.594478209848774,6.3269099749675135,5.737302299508659,8.999527187843967,4.291333567543319,5.874422853699085,3.650046194158051,4.8358275180479495,3.091272407780165,6.702782704948249,18.470205861461153
31266,54.91933919884386,47.05216508772136,2.8514614558053775,21.289425856019648,13.053851241759503,1.1227936559441503,2.211715451934765,5.481925556736201,4.784824029010167,9.726665104330209,3.273930965252717,6.520813624330646,5.446530281369328,7.278603789174525,4.002943121027812,4.645443015446779,4.882647769970376,2.162986152593561,3.304185023256638,6.732904945372813,16.528188934518624
1060,36.80477692299689,40.70430824894987,5.6491049438879575,13.352749919230803,1.4112773427715979,1.5304251254390806,3.5459419652319326,6.471809630469195,3.353936003682662,12.997043669410488,7.541166871111116,6.92954731994862,6.012103755471457,9.198831686580661,5.3661854418485575,4.85080884049491,6.155836009533743,3.8597673986046033,0.592873761633534,2.170704969925308,13.005521032992249
4133,56.90300202041257,45.71489096384144,5.507091104491275,18.940987506089186,5.828693087547947,1.1225428392194488,2.231051300962477,7.697820443458838,4.804208543123494,8.12605797191162,5.794330658360131,6.339979235012129,6.710869114332256,7.396419187000845,3.025075448568458,4.954871512326614,4.116745673841791,3.305121830237148,2.2888722565870214,6.444859241609032,16.29700230112283
6184,63.3359128509461,36.759891529070444,2.5070177565009866,9.838931577772883,4.14263142247961,1.4157743576762982,3.2440232050113593,4.921117460457555,4.283274246656106,11.46051873351476,4.3057886617017616,7.084995646179493,5.244528653340492,10.381861680180066,5.910830253477627,6.457611840424813,5.713053527216218,3.7192517182703,2.701155984571839,4.076022002061628,19.314262237643362
31272,57.99787037451958,47.17744549550815,3.402141670715365,21.166072457245264,11.359257006180485,1.477239098992932,2.7750082606229967,4.792978824993247,4.651642506419286,10.142436172944045,2.4580915464429793,6.901379661394779,5.36555427700867,6.923199482470437,4.218415184395724,5.107223597570313,5.267612508761218,1.5599697766741585,2.43655028160366,6.186574288997687,17.822184652574123
31276,57.769068497386854,47.38096168573492,3.197359725032366,18.88861289502796,11.640383415771737,1.2652494717595104,2.1976923659283614,4.843719978829837,4.911590159293688,10.086119586053712,2.7776326247480583,6.791184558461137,5.531733704872417,6.817907070800231,3.922585716240377,5.082327539011594,5.008995833625221,2.1235997489041054,3.182042345708597,6.711193084173808,18.198379634695044
31277,48.11500052178576,26.496834158338658,6.076434273704949,4.732967861257237,-4.40555368499713,4.360668900946301,9.891079168879386,6.815141734458685,1.2332396956429719,15.97299073704626,13.36917180248151,6.303190293921139,6.585064000372984,15.543202736507311,11.202841184769,5.256000989300242,10.527630070812648,4.001276712514112,-0.9212203382512474,1.8085699374337336,7.576034706473877
1068,40.68001782865434,25.50920820601911,1.5288874440608062,-1.7855416213683384,-1.8012169243693847,5.385351821298769,12.468091150201133,8.380585891712803,3.0779578303575192,14.901926634954464,4.546845857976848,7.7411536239484295,4.6908425868049495,11.583425504640275,8.270224519943497,7.7398082262180266,10.624689940370857,2.072034045056064,1.5544276170941327,0.748647377626928,16.938413708107106
7731,59.62267212389244,47.642484782634696,3.4402477871839663,17.053900086465546,6.467283906142541,1.4814078666531785,1.8843830911393695,7.96684013769535,5.282910916366625,6.741783169863538,4.50434105668473,6.785115259555374,5.906196436472437,5.6236164087504505,1.6212584000137156,6.2257749527769235,3.8508469581072973,2.800259717252345,2.815813841661816,7.709519841381192,22.76570898632471
638011,65.70170476355366,36.61245516711682,2.750347854714548,6.3525262895893775,5.593321186131391,0.9088505117752845,1.4709919223381291,6.419809016801979,3.8255517237561847,10.953633914608815,7.487766726727507,6.523642459306029,6.0542395110103735,9.576936435078807,4.932312546966415,5.72964871148482,4.385169456729059,5.601595620692713,5.73142979279414,5.860430793834625,18.795342847383864
12348,58.38337591765162,47.74486113580144,3.1529900573423806,22.989771669225206,13.242901276239536,1.3548893577656642,2.3764166340968984,4.6746691859403295,4.822517981491053,9.626602020183327,2.751231593798238,6.767361493664273,5.368886546487559,6.376417212489002,3.7055542639044177,4.978508367251722,5.126257095130811,1.7324531692522314,2.7695211256614076,6.518845603784471,17.62419525278588
10821,58.683580495120765,37.103393174641724,3.4945485232383287,5.330889113402236,0.9870952650929326,1.5448439082583434,2.7048852596654456,8.305103975930203,4.297620600919728,8.009929077891613,8.039833927645297,6.84400798484676,6.107650875498044,9.557409939818626,4.007573805486146,7.135699491141595,3.760109153896252,3.6532789154970615,2.513239995553251,5.925713026776564,22.710554874402106
7749,54.6829054944977,45.91872208387231,3.462309404238556,19.26621817482726,10.854739873603307,1.6088839099180277,3.2565622439715014,4.899167445114697,4.672098868270311,10.461001944974853,1.668298377555196,7.072746895156683,5.271654934584263,7.046224692302417,4.436926862229342,5.274032662970026,5.274407160057066,1.5047724344698352,2.462530821964153,5.3541611387049075,18.23906642752175
637511,62.96973556618997,35.74617551635279,4.286851498475388,10.55608886330208,2.9580712205741975,1.1414814059453846,1.4433294272764101,7.077918077010803,3.6717670788874983,7.91852796359413,8.527009668095687,6.459476572053537,6.5192660249714605,9.996044339102582,4.1560925215144096,6.496657447758716,3.839589458472574,4.432672848636791,2.7511030471109965,5.974559445127153,17.001692758548046
12367,54.53446775402418,42.96118702281487,1.201068110306284,13.984929617769353,8.347756068230694,1.5539531996377463,1.9440954634498837,4.594307703296158,5.950204686974111,6.6769271686853955,5.520703072769827,6.803562130445439,4.927035421219504,6.189092526606572,2.955887865011306,6.665076120852851,4.7903234595929405,3.6673284187121666,3.7077807770814832,7.6382838868924035,21.988658403999437
6736,56.34878390576071,38.018516434202155,3.864477170768434,3.8723661549028066,-3.721536176881557,1.7045763339592739,1.6961203171575363,7.959438955666709,5.309508829204432,4.052943208522137,9.718996237909003,6.669039149311669,6.458952682444836,9.035848334443159,3.4735001000037187,7.653297685348795,3.1524981817073865,6.15103135700544,1.9607296874792262,5.603256259679337,24.001169952369565
7762,57.21506651226133,47.02435869400924,3.2418294181043197,21.935410551228415,12.948980181334036,1.4775085663510126,2.947493328751335,4.849997362650081,5.076990158102191,9.872979678748464,1.6586177326839433,6.948528633974274,5.256236011942251,6.395088375077165,4.012729757997107,5.11319306969097,5.128576717936966,1.4071347509672165,2.775118094697005,5.809547916169703,18.428521834847828
440917,60.94017857298539,48.40566889349368,2.0566627002596976,14.374132272226348,6.704530669307701,1.0320101160645976,1.5585619171506266,8.857693905150475,6.942994203528414,6.854719624951812,3.6866015660238176,6.867561861647083,5.543776051181901,5.323278574139579,1.737326190922147,6.6219047342342545,3.8504829159142133,3.9777721175312024,4.835603199986631,6.631614087642704,24.35642069636188
61016,63.70655911663505,37.70604385500249,2.295847120030702,7.984976641396543,6.463467200274238,0.9356515295568428,1.229994279290139,6.281396316213025,4.427331848734269,10.322453796011786,6.863057414679517,6.6896366105223315,5.550329650154252,8.9898217232261,4.753947064188196,5.995480223214472,4.791223247255957,5.067440336015984,4.053642311557391,5.615776030012122,19.53960708108704
7770,57.68976333946398,47.37110652312842,2.918619988410141,23.451145653159756,14.626857228341294,1.3557914080715392,2.4594914008361854,4.744690420462311,5.251429957622761,9.425699492734338,1.831782144530365,6.830540018790975,5.20936599622743,6.018060727922915,3.633858379156379,4.9876948762691224,5.111501369454558,1.581245274471847,3.2038099091416985,5.937535967228752,18.437393612937825
8797,58.1924318145351,48.94022436141657,4.580264105005053,22.431759279420362,8.274913956258047,1.2210293693426095,1.7252432824680568,7.834062230019002,4.977693181681232,7.430372038557408,3.8337014777920544,6.408888732214384,6.337633280525718,6.00242651895303,2.358181978036498,5.210544517596643,3.8661626751839293,2.41743784265347,2.6077986253426513,7.585972322252297,17.874046756660476
1127,54.51680659107595,29.622339122368942,2.152015833064928,0.527495563181219,-0.4896067405315421,5.231078185718687,11.152235135598659,7.159289740859618,3.9089251924354045,11.523107074687047,7.7739295599311475,7.456977840435613,5.181162070003216,10.324935435060382,6.825417579066311,7.916501728399506,9.694737576116367,2.566477494118814,1.7252773384852027,2.83237176862987,18.849033303251673
7793,61.14577931855791,45.77039911436668,2.0503519461642146,14.847860924516795,10.470298779631321,1.2423460516659972,1.7430615335121615,6.811086625991219,5.369621511401888,8.68052551134815,5.491731876959086,6.639532816182165,5.5885230480507415,6.68185473646767,3.7119189213131563,5.943785916050309,4.521054531509549,3.3928341641160458,6.08749251722489,7.020443724619228,20.93644539876874
1140,55.98155600818467,37.81876442025589,2.584300540288848,5.623706143098389,0.48860359278972965,1.674030205107691,2.580239976803739,7.158439701690478,4.974180531139353,7.767102399071973,5.202333888818508,7.129416454372869,5.645087345442037,8.27644082852052,3.760456231846007,7.491568155382127,4.281830987970579,3.653861719511582,2.184571455226221,5.707869338365993,25.698671699589994
7799,50.84101279454421,48.97210939056471,2.1635861828707608,23.87985030281203,15.141081741223502,1.0462195114567479,1.725651803349848,4.48019044370929,5.366467825726133,8.080331003793972,3.310994826622597,6.465849660320286,5.233138413652265,5.614416094640831,2.888448025730355,4.681778199211651,4.582490361909606,2.533937345805789,2.7597672308732246,7.6826827141492915,17.36881389147615
1146,37.6638320433205,34.831390030094695,1.3549207594636714,2.0140798543154688,-1.5868644023883576,1.878145908509758,4.419738822759058,5.509663188694093,4.639890475860618,11.62945275037201,1.5704231872823655,7.712992115822285,4.752668687823047,9.713110628133961,6.0695694088167045,7.202067730165759,5.564356537508502,3.2407787452904415,1.9334892952996778,2.6990190785128343,23.882661758705495
637566,58.625427162840765,46.64728722625736,2.567110161178072,14.420793568589488,9.35386052155485,1.2613232748766805,1.755893454575073,7.189164039276246,4.843757033292626,8.833727445494276,5.4496389981719915,6.5880534235312656,5.581210671135245,7.21793741405844,3.458699195223801,5.718288638014921,4.6861881854780165,3.7373600927730806,4.78062981184708,6.928464315523272,19.46555791525293
10882,57.93387117169533,47.908312489322654,2.9791805975613155,23.85736555765976,15.161360683025293,1.3557914080715392,2.492469746969647,4.715260795656915,5.186927242771873,9.347746312021457,1.7572072614470535,6.8209807307784,5.243969614423726,6.1353873764821,3.756045613082989,5.011620490438933,4.996165861700092,1.5496628650485178,2.9900800430163006,6.328055864638494,18.30313642163631
6276,56.91933400127431,38.910944467639894,2.0441384832396206,9.570265044235725,2.599962878635097,2.0914380814178557,4.5506905469972025,5.405509451820475,5.167431964714687,10.237802529158998,3.2150673357869692,7.308141024911843,4.956501557807788,9.52178526549099,6.129419479190261,7.213609097407702,5.923785502307965,1.8280965435991234,3.1825626580003483,4.499547802862794,21.390091360198056
440967,60.392632610998334,48.35423316564206,2.2809659495123356,9.82178618625096,3.352689299449821,0.9790906792092642,1.2157483773274578,9.320042875752986,8.097774467184493,5.601415189815512,4.722822740154413,6.943903104184914,5.8460343010192295,5.431420398644178,1.6727832574736965,7.229456871770112,3.4244690458829155,4.970084715452849,4.90774191882843,6.399163860388499,26.68848067501486
10890,54.040424409304336,48.41936391290017,2.382398441728822,24.716147154492376,15.686509528499357,1.1406031216915977,1.9831111662440435,4.547014162108226,5.474050412370353,8.51996792697446,2.4210011819555177,6.594968335170244,5.182978238845324,5.46558485661015,3.045505906263486,4.678207065349621,4.804114049347177,1.923880885816942,3.370246600665455,6.795474419689861,17.83445607905051
8842,61.147197391371975,39.1775343693609,1.7150327996058365,8.650079555817797,6.279214855295095,1.4019969736705917,1.7438412410660362,6.415043638604043,4.82539093945941,8.680387558253955,7.503228364745851,6.639532816182165,5.588634278994793,8.045577757073488,4.661073898465645,6.476930578181147,4.520890753580147,4.741989872188739,5.5866819174578115,6.895066142488909,22.020351695633707
650,46.68499038049643,40.36485982641955,4.49419152016358,10.844983163615893,2.8189277239627017,1.5830072502056112,3.6361638689600397,5.304493405094618,3.7665098169553346,13.18810042679344,7.319450526935313,7.0870683301480035,5.746994045414392,9.053582418363277,5.184833540341742,5.372121545106705,6.014849013233118,3.3041838164008226,1.3379727549133449,3.0317782266911104,15.866576240378805
8857,50.493466185092046,44.457281391407605,3.8152666965407187,16.87728261564166,7.738575604943264,1.7506495328364977,3.7735256831147694,5.157662763193784,4.189516466845262,11.124028016666074,2.034835374930438,7.182245851826076,5.329855248649415,8.064019305283836,5.3672082365486915,5.39994696308292,5.359161022041491,1.4808720333505008,1.9240283563496217,4.714693221641338,17.639259283483085
8858,57.678099332240805,37.35040105561117,2.912459289584313,6.911448936402849,2.503624066799034,1.521599726228203,2.9370113471154013,5.7302877957322025,4.2711449852370365,11.212176086062215,4.970037295602758,7.120414826260419,5.3652537072408695,10.241511214813045,6.037390502121639,6.368665954453656,5.421550207476699,4.042924989879495,3.10498104899383,3.8398968235483233,20.66572960685548
1183,58.87189337565812,45.66718673180313,6.262834933319984,19.774700905931468,2.5285550594188635,0.9903090086625213,2.1441331899788167,7.867591226229891,4.055313502225829,8.090594168503046,7.7869055105349645,6.308559348962284,6.979384868003688,8.32292971329312,2.6793009949595046,4.743407658351176,4.001999333569216,4.479884166328688,2.3895960256451776,6.201652114669437,15.206509392826433
5373603,53.24687795697261,37.15946575577297,4.841919212221701,7.2585949291217275,-3.777330950457781,1.3815200682780358,1.7475089109478859,7.620924676034834,4.630788869299501,5.413321445943879,9.62484145338481,6.249069821308376,6.830201263347267,10.331405762210323,4.11052695774373,6.518593477218677,2.911398513879277,5.804861984013925,2.0125515259471864,6.685872655157895,18.231914239733413
7848,44.96057971793584,24.279311375766554,1.6724501293214282,-3.1849021680599208,-3.6320114604914124,5.277467121136674,11.48858841265914,8.083224456695811,3.2504366886534513,14.402920868967541,9.312385166844322,7.595967152445927,4.867012506401222,13.531114250604247,8.223890145927356,7.881345799053945,11.274366329694118,2.3635161354194665,1.8157294998448439,1.1658524212783066,14.884396992276749
176,26.908181132735763,35.44434331930651,4.311324292367412,8.348326988414726,-0.7120096156431259,1.8245393407856128,4.6997643150913575,6.728445214020157,3.096971500550275,12.99325886732656,4.154875070404081,7.409464952373708,5.328557448584144,10.81139628845878,7.716133303950812,5.727300130230808,6.105202948963097,3.2392605689070635,0.46330862405995177,1.236466680064411,15.572301131720963
7344,51.27860256670033,42.921827008461236,4.372800499777059,14.594392312206367,5.400118803746864,1.8736867270400026,3.1789823885856947,4.596657962472655,4.199728092297661,9.67296595067306,5.754476258106827,6.809874650608561,5.776365562020254,7.724404557161819,4.913966572842156,5.366296673249602,5.0428003383336915,2.678260358558262,2.8105669914162323,5.958074995358985,16.14777094482679
177,28.94872286648831,33.465941229649474,3.0771013423585436,6.394514738987368,-0.4629028773724144,1.9046649540835006,5.000300883669468,6.829976231887452,3.5109660962440685,13.131536837527506,2.2869960483923535,7.668306454165613,4.9570202624061945,10.496001055113965,7.124334758638611,6.375023520971962,5.933917585342044,3.052339899780236,1.7540006512888553,1.3373923136389267,15.958965673448262
180,37.173587328698176,34.69791551427244,2.8578213616645525,6.121798583524651,-0.6640142401082585,1.9297102269615891,4.482680060539479,5.88534328705822,3.733760133522239,12.496695324825893,3.203119634059675,7.5869080024312385,4.972284613077168,10.076837057506623,6.866085847818397,6.523177277809469,5.910530649265041,3.2018689668267655,0.9908336208286457,2.087302551218621,19.360352759582867
22201,53.24164788400461,36.60249869446045,4.302686321111588,2.981983702160278,-1.2904945824731158,1.4456761000038085,1.9233154565128814,5.465243184614785,3.888855937844916,8.33048386412186,9.470046423617632,6.919241620851069,6.010490037194428,10.969075788316815,4.998646868655754,6.382492386046982,4.79246841869292,7.287496938818823,3.7661657289278327,2.2198045369822745,17.30313553044428
8892,55.03201346081383,42.042734553211346,3.598832494070076,14.61856336311962,6.138692809582892,1.272794172664696,3.0371037671580297,5.3213737360269935,4.2495117090085515,11.46044306353221,4.601651978670347,6.8585109740164505,5.501772540159344,10.940967272517781,7.353758189719372,5.534539517946275,5.8647942632402135,2.474282679283654,1.3114455296159662,4.633893754196856,16.998566909514977
10430,48.60275636362667,40.064050270218644,3.7997857646149447,9.411303337580932,2.3796212612874683,1.2985830073947184,3.2195511097083624,5.890383169797191,4.560849893449763,12.511940139329198,4.44096954432154,7.030369982823785,5.634913172379641,12.060695341365175,8.688671524097401,5.816179401993244,5.902876746577405,2.6429526023662504,2.1033647422459314,3.1008878739245,17.426602610943007
3776,29.362515270284234,40.20085037778696,2.5169698099297237,7.043865026508286,0.5490082762041197,2.2199525988306092,4.640172800155256,5.489972126922469,4.943114237350869,9.553528857688008,2.261711834248942,7.634047168696474,4.8677654914158,8.248479707733168,5.498689132369975,6.9694836715270885,5.107006846110096,1.7790972733776087,2.1488802877647917,4.157823054467742,19.94571778089653
7363,64.76946623631198,24.06769351171249,3.910648062389399,-1.2869260115122643,-3.0821681999299244,5.207040384920511,9.772478928093534,8.692310608417742,2.4689499925739895,11.872923946022738,16.081550470065856,6.886880357622875,6.074959281282198,13.143319005394375,6.512764345233791,7.350087456250119,10.424531782692796,3.6287759366634447,2.0692641031349073,2.0019540408555523,13.89156842541908
2758,48.53668158205116,58.081646515726234,2.856434855631657,18.36500236846996,8.576604695971355,0.9097330039053944,0.13623535489921323,6.875642105760923,9.046160506195712,2.2367051094600896,0.8777769873081951,6.826334017331908,5.9575592067667875,1.8490262432454472,-0.4152839860460915,6.440725077485776,1.9331855168500027,3.1548089677918867,5.3819934715489754,11.162390645217975,23.11389018531483
17100,54.79930117740733,44.90038818600772,2.4124036030586264,11.377040794508162,3.4466346041694464,1.465647456000383,1.4536646709995011,7.086814307493748,6.788163905741115,4.690670788012213,6.394285901601577,6.708368321914225,5.77834634390967,5.407213262312325,2.3935418780962436,6.962987922344365,3.524210933520777,4.93055516436403,4.6752556664337295,8.480901768261859,22.620818861375824
7888,55.29786582778465,41.2524597393672,2.5610744431269654,9.10585004513456,5.064089602593356,1.056262128995833,1.488944431878096,5.380798787306059,5.060372735739804,8.720609082114905,7.644458705444578,6.409136086937258,5.83546374744983,8.610299918570519,4.974314151963853,5.843661681388624,4.36161604975446,4.191173080922624,4.136675097598468,7.919838760508569,16.523968182484623
10448,66.25833871022982,30.680259244132543,2.7441405317314365,5.751421809902297,1.574930582087461,5.264995561055727,11.871033315398847,7.866078942928334,3.3170295038552453,13.243869107020231,8.668276671939047,7.128281829128511,5.22454517618855,11.620503528789754,7.8377579267157955,7.40868830438038,10.679834993716668,1.3933692915487796,2.419694075193023,2.558372619553137,15.941842972576637
61138,51.38849123381328,40.375190826560754,4.272143151637371,11.121540411595845,3.6308956417839795,1.3787526669741155,3.5291398543863863,6.461569441459105,3.9612706553308854,12.565566186482073,4.8432187409536525,6.886200887790133,5.772943062719596,11.55310244426758,7.869867781737071,5.535481248823409,5.798924638724245,2.3580947620083137,2.3532241885092677,3.4706908506844316,15.37125500419711
8918,45.90627814877686,46.61137380023426,1.951443803856656,19.660627047749017,11.130254994289771,0.9586217465458517,1.6373972526569958,3.8599184340370556,5.166521625653473,8.289324752242862,5.234757152560327,6.313383596937966,5.331558843514005,6.421376196213259,3.399373246790134,4.7187413008583965,4.640258333876162,3.1797769322041347,2.7824312443058528,6.896580231999313,16.393422269379272
7895,56.0846358633452,36.779768711937834,2.5491289587191637,9.39436961778722,3.3016462694556594,1.6639573117133182,3.512104418218513,5.229613026359484,4.384396249577186,11.439494345684835,3.913332528378554,7.309802085276706,5.054705958756179,9.755924665392115,6.324231114840956,6.533590677059798,5.815740441516169,3.3795622435534796,1.9561523781584338,3.305618008139441,21.195850826308373
26331,57.720940931862174,40.730290266177605,4.436985337670368,8.699884399213715,2.4061564278401875,1.2658269372429487,1.9485337543063963,6.213601562672231,4.139890360252281,8.503694787009593,7.474964458450266,6.890977821332726,5.923623476514758,10.235213653117086,4.5892452755689135,5.962462019838483,4.73920667990879,6.1385637242779545,4.226706257738977,2.010046816407354,15.882634351892506
10976,57.71120958051506,43.12161138918586,1.750334865806114,14.48760080719569,7.22866139136886,1.754517920367661,2.6368122269925607,4.92882737215205,5.77890668841502,7.670439834416058,4.06042619207728,7.074766433218517,4.940556512602149,6.705972064493125,3.656952843049737,6.826457140131544,5.064551394651602,2.6910472700634713,3.731231635865301,6.835562979143995,22.311685543490285
5281515,50.31448701049413,38.27218517574099,1.4923892400193899,0.5424978244129761,-4.824495802770457,0.7770769110146816,0.5559803891503918,9.202135988979993,6.88936173622438,4.564554188021887,8.776784298362514,6.419643661093029,6.373950769351491,7.604233033346816,2.7243087265955523,7.760061162383834,2.108089396871094,7.554689397764886,4.474914495926074,8.529749759246378,27.319743249470008
240,61.0819894804371,41.04647123698476,4.51420793305247,14.291230518383031,6.773543602790937,1.2781213820187602,2.219192938322351,6.83023814409805,4.450917100739531,8.642736865823338,5.68263609947067,6.75640131721968,6.355076084644174,8.917598565158045,3.761263943486597,6.278103027900677,4.377332442149765,2.456240446521946,2.3381076158139944,5.436076468993002,18.324910129051005
7921,54.12642171853503,47.03778725928879,4.5909514166492675,17.513520346458563,6.184576089848065,1.6395658441674428,3.0143421186135413,5.42236042747076,5.061147493385754,8.814774356971327,4.786728844255201,7.014072809653794,5.883746695096113,7.201425143155518,4.173697497343085,5.644087579136352,4.488960025369892,1.8551921791622874,2.3465105907664157,5.565597743501237,17.379205796119123
3314,58.33920509895677,46.61222770620881,4.603147629586143,14.279617229958035,1.4025848694248566,0.9990074514536929,2.0000061083188,9.52283395488766,4.649460600104497,7.49354445701637,7.096752072674207,6.345785643465408,6.568499606522565,8.217933055394695,3.0726482537058075,5.474457542581833,3.4927244324290854,4.4301310594544745,3.6352479930234,7.625111473069237,18.58899227092047
7410,62.951123281538884,43.91409783820865,4.202012409126692,14.446333684077274,5.7053431002569255,1.301176473681167,1.9636454282493787,6.868039385259927,5.0564769557712665,7.786428047013459,6.011300545213594,6.6923318907597205,6.267528508742727,7.623212993899244,2.9233849665648393,6.195194205499892,4.222091146907829,3.1983383967730177,2.5532417636323093,6.291850792274112,20.694767708031264
12020,50.43448303838696,39.75237826230094,2.79788417751271,7.4839764590236655,1.6659761857979447,1.9089180908922003,4.0502048265825294,6.812374624905992,5.009594235486404,10.422635654970279,5.583985837940958,7.296674263685076,5.251342802697951,8.877291929628484,5.224828962674621,6.8150988281364695,5.503854110486429,2.6388461601208775,4.0578380882428196,3.797647151993041,20.832646923315338
11509,61.65634929175516,37.24515646875702,2.231519446366874,10.9489305303415,6.013732687252855,1.5370381180790318,3.123644358732406,4.9612544550916375,4.798499431200774,10.632471349171041,3.961278828749883,7.196430499407223,5.002535193100929,8.890840185073245,5.496082497055681,6.495497695408681,5.6943706392139575,3.557025034572135,2.418629863795916,3.7206728428639417,21.76707384522237
11002,59.87709183715856,32.902684828372855,0.5630449200549346,6.848691613531059,6.70384813225229,4.565671704069018,8.868729777937205,6.421955532087059,4.401526086093533,10.167427580246027,7.3316915716571955,6.978924396570987,4.601331854467134,8.712224530842462,4.98038737870192,7.349549851256616,9.545070676332386,4.126225067385242,2.7313270291651524,5.763184248262733,19.5522906087148
261,48.76465377556693,36.20171636967723,2.8923545767872123,8.094084368877702,1.8542067080859397,1.6253445018644115,4.436108185054593,5.721167627623801,4.106693520619778,12.808032737893114,2.9583489419600113,7.3913256650832135,5.150343986348554,10.99018303057531,6.986406333873731,6.402918963596536,5.943491284477346,2.750202623547473,2.4294679552086027,2.1402051570549085,18.158731596032652
263,49.87409848065633,38.59753339768477,2.226772847150994,8.422874927328337,1.6690116585243686,2.192331702537601,4.910783653446714,5.681880950256053,5.059906171755834,10.809987323658177,2.6269166218729723,7.456977840435613,4.928113100125206,9.67696329171119,6.5575152892439235,7.180581550647902,5.966089826156491,1.5039020859675958,3.1363787703590003,3.51858909941602,20.760954895078555
264,45.739531926686,38.765266282998056,3.9494187678970674,10.54434435013792,2.6066728052914527,1.535591477567415,3.935600073511793,5.763427437057267,3.9507760790987447,12.625062561659192,4.389718883265864,7.143248793687971,5.454305082849449,11.514469467268498,8.243359307219578,5.7622537527336855,6.1028918013428495,2.4782903000717553,1.1874950712489323,2.5766311825541814,16.842598889851104
6259976,23.050384947117323,34.45708399495936,1.777991725943879,7.303027773027907,8.08446848305897,2.3417184520671626,4.910301054704803,7.321813166597714,4.5043792686542545,10.41497931801456,-0.616551020194283,7.802979300691077,4.842051395334387,6.668611140711079,5.247743466383241,7.051246808728523,4.776345047142115,2.2478641561098414,1.1361066970242515,2.1185818351832717,19.15676135025987
61199,55.73699282223669,47.56149464709671,5.627788916204161,16.82212316098986,2.9423302607950177,1.11054819340022,2.1455285868795073,6.8015476236989265,5.04772184562254,8.810694742232158,7.344740270845868,6.569282673565101,6.423730215869242,8.783326584469364,4.067386188609447,5.0397506161316015,4.44005340850606,4.320579848982604,3.0927505639444046,4.612335920583676,16.07790597041054
443158,55.81449628906606,42.2374679512441,2.124140991436533,6.651885061260884,5.010158436972802,1.3732694613781504,1.6651884007079332,7.281627836999498,5.154411809816949,8.128545391915438,7.2167865905263255,6.64971354570184,5.6169929912615375,7.107547134499072,3.1969938399096804,6.3564125145686745,4.108035897985587,4.8876160630267975,5.411921783808234,8.502471336634443,20.886087132889884
16666,56.469239015547316,41.782447866814124,1.8135875014635534,9.903534043879802,2.3708320278587394,1.3782626787110246,1.3508733887341577,7.0463187462666355,7.159663425878236,5.5226334535962565,6.8698751258314275,6.796770571341604,5.6361075380570895,6.160664636682355,3.013426502948164,7.319182882090077,4.0627730153965445,4.851714829683793,5.038258252598419,7.145080376612143,24.636218742625402
443162,54.82465230416332,44.92786371089369,2.416452401691518,11.513342280612278,3.547519872107671,1.465647456000383,1.472548446825897,7.0650703097083305,6.784214364497494,4.684092697171778,6.383886098409526,6.708368321914225,5.781261577809993,5.342577102803091,2.328816960171764,6.952347116191684,3.5237608553414077,4.8970145133173375,4.656115994600613,8.494368984819516,22.62737087674634
798,56.25057097782016,38.208309840316616,4.008968093358656,4.8500901928968005,-1.456452729382704,1.8295402314129987,1.8232476453587338,7.557058756927367,5.154125640668873,4.400735861846357,9.140006796007604,6.737688188640128,6.459426496564236,8.809355089278057,3.4601164293776208,7.698961389167061,3.361041329525108,4.996282674970502,1.6195946857825074,5.760768187721992,23.24797418760184
7966,56.367718106297076,41.21151096147722,2.6606620169488595,8.48827769818854,1.3657751365541344,2.0559027601327244,3.355401595369443,5.385735343199558,6.1793480080759196,6.92488165816313,6.564595059002897,7.170948791454256,5.557385620246198,7.583585016060823,4.5235525004333965,7.607911455819448,4.893837804853717,3.0857448495415483,2.756099474347197,5.76634628658934,22.800599235643574
11552,52.797082994510504,34.66600835259641,2.6713839992168564,4.436649888423403,0.8588229434774917,1.3961127511189915,3.1734833046689346,5.480218530720258,4.349790265081218,12.343979725527774,5.5325133476756605,7.2714644902476575,5.3569765142859165,11.397202009474853,7.243320499563993,6.678351782229224,5.72438353480095,3.726861696695387,2.605996744028362,2.553184213652508,19.44829140359255
7460,58.60072414473126,39.637890898139005,1.7836340668574193,7.739405223264498,2.5561477370725356,1.1555012175703894,0.9703827173461264,7.6126977826894535,5.915174121045553,6.250118677605158,5.985433380187729,6.890292438780014,5.534286811353838,6.605293517748606,2.7311098977966424,7.186498555870392,3.752048451734936,5.924465325415774,4.87395749007486,6.065256051566949,24.334144716930865
7463,57.54129348320973,44.94616569277463,2.1650335736108186,11.182197407212698,4.633513387594576,1.0862113231119466,1.344851333333196,8.717053448287277,6.253912844889278,6.514438187762551,4.152317251700644,6.835393167346597,5.606785496400839,6.050586162509859,1.9897484557869802,6.920301315502906,3.6395895332201036,3.9549505851818765,3.4345040279906858,7.153079538729849,25.764531996537272
307,23.05481935851742,34.45893387041011,1.7775231722679241,7.322002913936444,8.088989531138282,2.340691859938289,4.909149735625078,7.314669417534127,4.509185272809297,10.413388593509083,-0.6204877273215246,7.802979300691077,4.842027821920615,6.658231662313028,5.2427559820940814,7.051249123692828,4.775072708816609,2.247177921383795,1.1360327254663698,2.1190034726409843,19.168512075785173
7991,52.222032372978504,40.406087316982735,3.793752629141367,12.67395569646942,4.569434200750209,1.399840432930553,3.5379756501072706,5.55381074697844,4.091188385845683,12.15409557932243,4.120018813990541,6.9983189779489585,5.492621846068909,11.452511655948854,7.973647165734434,5.653413465878004,5.991563724145507,2.5526094648547257,1.3554477623580627,3.4966793321862264,17.062402575213525
2879,58.02777571223584,42.412657271759144,4.092822190503105,10.693427534826412,1.7084264654612298,1.3574508537220282,2.1590614183018886,8.035554480513028,4.825415226585022,7.718194880157938,6.038526833415467,6.866909589373398,6.009059874492544,9.167236002269021,4.340674318699996,6.656759122777419,4.489096709009061,3.3377252202696113,1.9253879166680843,5.973014984863753,21.36824394055259
10560,48.02983420426344,27.902906074241002,1.7101207057271077,0.6653206190043193,-0.3330864235187505,5.032201944530797,10.378246269595394,7.482213902939542,3.6812126691374445,12.727620445903227,8.914812500120384,7.51491616534755,4.871421752142236,11.835310296623817,6.534323781361508,7.63237690655107,10.528570766674747,2.736136177227962,2.0318240114369903,2.510764926157372,16.19222711020862
323,57.402432558511094,50.7402467299347,6.149708754691542,22.56947428776232,6.745883420863606,1.3899141775041883,1.5337111877634015,7.780189011873027,5.098829363742851,4.675572878394036,6.1333809846951866,6.346868777534026,7.099969715922032,6.374180288055129,1.2006894205695744,5.756759799745253,3.0982111483020276,2.1911294923702727,1.6539455919252752,8.375089237947112,14.73151512985416
326,60.360024496739015,46.72032630256075,3.8036101721617523,15.665116997303244,6.9219623060018876,0.8028239124198677,1.156943518158613,8.476414975554949,5.205042702242139,7.725167589597817,5.074569639672994,6.505095755188116,6.264709705688798,7.645072141540652,2.648319194467291,5.929528837765714,3.820221513229143,3.3587231028874456,2.0009221160822843,8.63498265854141,18.790234576707377
6982,61.67682969279113,32.83123602801689,3.941830741752919,-1.1314850939257894,-6.527460525541926,2.8947592374365527,6.472315657572153,9.716748482275706,4.33750126492788,8.937049838367557,12.316274973344697,6.390458787509013,6.405936284499632,11.776863463219541,5.414982658242792,6.590805060059145,6.508806741319148,6.760892890934365,3.761583197267223,4.1995089071530325,19.6387420341392
6989,57.98557316709554,44.537898494523205,3.3341917190699544,10.318842272622192,2.155731057885987,0.8788398043921148,1.7104315582744505,9.29157395522224,6.219752121496263,7.178129125104732,5.566286576814264,6.636721079616365,5.969418471318567,7.856354515000049,3.5031747851270723,6.345804538323365,3.8436311096263864,4.291043677740582,3.2020539280381275,6.255899439013832,22.914191469182413
637776,55.98731693285819,52.03004891925201,3.993804931231936,21.382435206782247,6.871064672427906,1.1481398231078472,1.5288614133808949,8.652363922238582,4.792979588340856,6.528842195808906,4.513012272843419,6.304179972161931,6.349375801551667,5.451990053176502,1.2271692420415548,4.971874256597964,2.9083858483405436,3.928989131216575,4.16334265732686,9.541977973893175,18.40094500041502
93009,52.42617899984927,37.38289794745026,2.9452499656533746,3.932676565875795,-1.6176307197467281,0.9172383787060809,0.9974930594962643,6.510155538176448,6.253682937500486,6.388517167996795,6.514089777620647,6.360286873461552,6.46556698414927,9.484980854620574,4.444381590893158,6.471325519831154,2.968112203019899,5.674629811877153,5.546121924191878,6.262685649220033,21.167318792210523
24915,43.24368151457065,41.58676853233655,2.263849454550968,7.875572093445726,3.6930482114008214,0.8827710539789564,1.7040740308204931,5.539349018984787,4.957790790734897,6.832402301993895,4.966609045442418,6.050921043443024,6.3537230459170235,8.200717175415264,4.594125075180983,5.557186506548838,2.336003612419532,4.25670740803109,2.77572426766684,11.000687320133942,18.99920268657766
8025,42.11011914375311,40.17562221196491,3.880411734649221,12.505161873205282,4.461029191848638,1.7658043353861004,4.6045081297368995,5.5946914203120635,3.675305841941288,12.365153989632887,2.0765078754314246,7.26084446607654,5.411470947174094,9.932401813486877,6.377272474170638,5.654091570390595,5.42966930160091,1.4836501751408946,1.4264153519968428,3.842182355949828,15.935831533062156
22873,41.557691321930946,47.065411247498474,1.4626999704162709,20.078140871208348,12.018324222633964,0.8805276693582087,1.7466197865584263,4.037226941930122,5.3248970074063635,8.088366794281313,3.2698591566739807,6.311568727762493,5.090881543673107,6.471733465375678,3.6329109269482274,4.39308624704252,4.381625417322226,2.8599524290400637,2.846344175839336,6.968510761837828,17.030075003601297
8030,53.65731883928103,27.4532672078424,3.1406881951382752,1.2364698727373025,0.2609885315393967,5.234825531854533,10.931459538470108,8.945590723842496,2.884196323352697,12.100093425515524,8.83847453318969,7.3015545602826695,5.56009838922449,10.88988464108192,6.031839891955428,7.577226575254334,9.92800073206206,2.160617646046383,1.602672176636725,1.9891025475021573,17.15662106268192
7519,59.056655006186816,44.55111635827444,3.568363532027098,14.077462092113478,5.02458545210493,1.6320356307182422,2.4515239484477718,7.482705382760933,4.910171295825968,7.502469555872665,4.752356841826874,6.872153151489519,5.983035756327452,6.55272633591224,2.3831873182126913,6.401234386402,4.047661426302099,2.4205193937512064,2.6642612437210946,6.794956219295252,22.569001362611374
6501,47.88622802681883,51.220010347255766,4.728579848925572,20.899606088315352,9.510880899822325,0.8378962740456117,1.4694332625814468,6.23168099021928,5.188087352655366,6.559039352133368,3.759295043650056,6.03328362043553,7.1094163140873565,7.117899145612029,3.114860087113584,4.766391706574945,2.285893055305891,2.78204864020681,4.58245869337207,10.426623291179666,15.989709448083062
91497,35.49432740927921,35.516447495669894,2.1228969903487136,-3.552046719020268,-11.135612259232119,0.6271127539871131,0.9371559644874878,8.69730607574911,6.277196562482146,3.4425404498785497,8.419054431356386,6.055698650077172,6.845665342564755,10.763082629381756,4.303200333296132,7.6710934556586325,1.089684663127997,7.0521295629851295,1.7647221316244224,9.791304318299545,26.01219778565283
19310,67.05837709614431,15.183076909307545,2.743656810496632,-4.441452432452934,-2.7666490419175602,9.492206692696563,21.06624591283355,11.11271189120762,0.6908572450992594,17.79965735399182,12.345401348340815,7.25340224632672,5.154009217478254,14.650164095454613,8.658065477105055,7.980636508831468,17.203927762112727,2.335728819498506,1.443960869247432,-1.0867587901923548,10.362987408685768
8048,42.72357124250763,47.28495388369289,1.5546649379050612,19.87254652438412,11.36436029630562,0.8783053750728484,1.670736429266583,3.90584936831711,5.44864416989774,7.778527934715726,4.725311565859037,6.262664782386821,5.223502730205196,6.424646261017244,3.4526240908553234,4.573713778985588,4.3910799070979465,3.276555478110268,2.981907580255383,7.103552813006943,16.66118864828863
22386,51.16940320116069,43.3084295989799,2.233885916502041,12.49280339782814,5.054097287584568,1.938123950467606,3.6292362308731185,5.431108107917694,5.685281410581425,8.95853425843923,2.6311187477675517,7.371955281872175,4.90860073283146,7.500392103780143,4.698283171428983,6.8722615996321155,5.297675375870142,1.7873319168232342,3.562474610138773,5.229004563448734,21.681538986970423
8051,63.836526131927,38.95355104068091,2.1702571345215573,12.958223021140896,7.06684752598909,1.4194234599210631,2.5475475993343935,4.810091690194266,4.7188435019888075,10.08884654288967,4.528316515194845,7.007883762707453,5.109076877085756,8.568065650710707,5.038263762716042,6.34503014735152,5.519850308427948,3.8300024057931026,2.2063167032436812,5.152273258475462,21.41149108198809
11124,51.913737556410126,41.789475147712324,3.5268616693787758,15.326659589823862,7.7111054801612795,1.7169635719290284,3.8051857842034167,5.614377281703501,4.074213404112321,11.953132010450148,2.499487250147375,7.192519543121846,5.298425841360501,8.554120195450366,5.579548843049679,5.525305730142621,5.785895064657353,1.860873868015318,2.20931801919067,3.6088507430110193,18.270034050502744
20859,23.055750116383024,34.464403603388206,1.777530562325341,7.305837424522792,8.10501765372959,2.340705607543086,4.909176850430299,7.312446507937057,4.50978392865504,10.41355559684041,-0.6258832691386189,7.803073805478364,4.841850701269496,6.657953761754726,5.242432298152011,7.050539904790246,4.7742660709338764,2.245449194249879,1.1359890753708353,2.1194251522532364,19.168472405008544
8063,57.64660088822683,35.4478346317251,2.687301660939557,7.994529890222907,2.178742124700932,1.5416117728512475,3.7822914132298706,5.223120310141628,4.154564590018332,12.165403224575485,3.919191680907261,7.236005023340382,5.217211508420004,10.996075210594995,6.678274365661963,6.515879648664202,5.825994438560798,3.4807206072494026,2.887298512862168,2.801811532850512,19.178183035991168
62336,55.95758643019289,37.17468901174786,2.80963910117084,7.1277153866482195,2.0325878811078155,0.9474769975648982,0.8804069449962526,6.450045652906461,4.790499046820855,7.820598379675431,7.34057179129173,6.320098392011736,6.482032374479049,7.836137948001749,3.2851722413788025,6.047643219788418,3.4775363211444414,5.246386278780019,4.400987769489911,8.202008535552999,22.15858794950347
9609,50.7132127383025,32.83848286293883,1.4928061476099073,5.660608443231354,3.1233392291165387,5.068585682377382,11.351538809284222,7.170212585228306,3.9736377846493696,12.339056054642668,3.1971601196536668,7.535922787561424,4.5998617887158515,10.001141844169723,6.633281814834476,7.524561847405547,9.749129782834203,1.6185979383361726,2.1884715568713293,3.756133372911262,18.366332592610746
18827,58.54399377645689,44.383979252900474,2.137332793611126,14.549044245521316,7.489805380558039,1.5301473724573853,2.5200736578114515,6.518372416149029,5.660083760427284,8.55027620448169,5.104656898529107,6.886880357622875,5.145766982022981,7.317833164945512,3.5739192792722747,6.379312746504898,5.116217818155036,2.839088452781482,4.866145359516766,6.072441460556008,20.552482878450064
6544,62.975527277835454,49.058396764532716,3.5424306412623037,16.09486694852717,5.7863327281006605,1.006007214688097,1.4410376998268362,7.305004365709982,6.541082838770151,7.911580473952526,4.394162108764384,6.781837295980514,5.9820909569844485,6.725539237146819,2.791667634149036,5.898987215708838,4.346109304603331,3.9979845431050265,4.527442434499415,6.459675368528026,21.103566191069064
5281168,61.44496571547555,39.236992839388876,3.2941936419825284,11.798044711572402,4.6383121248684915,1.3061365056699188,3.127346335361267,6.1651653515615585,4.111455912555016,11.858545142506543,3.6247288600421044,7.020343988527835,5.418137471422213,11.10257616847673,6.3363288697264295,6.1064094613308315,5.77915744119727,2.8076644214685444,4.070525376032892,3.8322084413095654,15.839088204968704
12178,57.0967396106563,42.91388624826544,2.0737247945142134,12.747736544769168,6.211706784384319,1.8034136310011633,3.3028332967703307,5.4144003699009335,5.819053984938783,8.673772162537247,3.8755957158371217,7.256365084792213,4.984147964224745,7.067992821246321,4.009596011406757,6.816628113792205,5.276892888950812,2.503259238076936,4.216390911106595,5.1961693276665715,22.588469212622158
7059,56.209287195160385,46.03288933242783,4.584310278524458,13.348660058025416,3.0369438490506013,1.0897720343349633,0.846044214315441,8.177489976513654,5.693994548115391,3.824583403761693,6.816660811472538,6.514896675494824,6.586603637653343,7.673708968887269,1.935345278127727,6.698030764442114,2.8685648806321495,4.4112404476264615,2.5009246021665685,6.978800075149722,20.54159974142121
12180,57.616958237868886,43.8455237071247,3.3789623982521304,18.580765679843807,9.735921673829353,1.5770022037331444,3.4270154781396798,5.485784515482306,4.50063011850213,11.29497221435085,2.402859934464466,7.056893964223065,5.308257249669949,7.961414871136043,5.056961736622469,5.380806294664644,5.670312902122063,1.6725878076028238,2.2893799238505057,4.634459183420554,18.478683872285984
2969,47.39636304826223,35.918318074088376,2.118504006518511,7.457842998481169,3.1221300841824586,1.0167794538215489,1.853198670133665,3.9933387750321074,4.332624404908451,9.506118957193067,8.627752021433125,6.384080574188261,5.445321171105779,11.093403938348104,6.770371643592313,5.789704084936223,5.332759715110072,5.657379760306746,1.2342810512524327,5.527752327071004,17.19537010408132
8091,56.71067602294653,46.843034159697254,2.4143037826218836,22.778801920321484,13.924885073662438,1.109940298728965,1.889209460511637,4.838579892535375,4.975536805703598,9.02041606141671,4.184952603563083,6.539674226909138,5.329103979027899,6.409336311565454,3.2062707681631366,4.96220184358661,5.097605692479561,2.698478946183144,2.5588617049932427,6.909636650413803,17.616916425159474
7583,49.9518947825548,48.319113247687994,3.7717296114046004,13.802340412424087,4.010689640045541,1.174367950651991,1.0013666060928017,7.499478412724542,5.4555850849408785,4.2297979779173716,4.881671179065819,6.205313138105492,6.835727300580649,4.97380661780258,0.4136298234162723,6.182231473295215,2.11535131881881,2.244055867334069,2.5793005607652173,10.575155198646073,21.684314799890757
6561,42.24799047622173,35.928689155541264,2.8832575552140756,6.524118003879721,1.7226174780412862,1.467509710758641,3.6001665458080083,5.6449489065786,4.0870605529744495,12.548839970199126,4.023815999024038,7.432624522216869,5.20170320525804,10.794776129020931,6.635598143434436,6.378522175960633,5.825890820523682,3.387824938059495,2.2093429999496035,1.8633402481308865,18.56101749009875
6054,60.29499349911026,43.5702003689633,3.655119467073553,12.9727674584758,4.6839800980554855,1.6946101197055796,2.414526203576486,7.17610746535054,5.511166318140418,6.737485307687294,6.336618764053441,6.693685317519453,6.201168816988018,7.524191712888836,3.582482247460632,6.862425370453566,4.124681076962844,2.3787569864486215,3.8659389266261446,6.8544103957000155,21.78081913373967
8103,59.88999604168876,39.25036055302982,1.8442868663635616,10.78065405025535,3.417806656698872,1.968657820510856,4.079807523050789,5.210911513031194,5.3131854933082465,9.603614227678932,4.1629922074815795,7.15991549993082,4.967995273503336,9.124022416687012,5.674245043493045,7.143742658140579,5.813991063891933,1.9810911099848525,3.589947981929063,4.889485625585025,21.627232972714324
6569,47.915850367637375,35.47139394143227,2.6706369999670905,7.41444510101519,1.6333182124039354,1.7955641877073774,4.078140187854615,5.556047596228376,4.1048181321149855,12.044487643198039,3.6425138490199984,7.459255296348394,5.003032756466612,9.978470697717341,6.683846895131893,6.560669654142699,5.902766969862398,3.271655749263161,1.5194883014983755,2.5163715255747627,20.657234436250775
7600,43.634334951337735,37.66903256701872,2.2663636524689834,4.38809415557057,0.5621724834642805,1.015720882723059,1.2941508688622037,5.665260008734462,4.443890978666239,7.364230520690683,7.060239629502078,6.091197664981679,6.190229087953422,11.174789823034246,6.7089274359713045,5.916420419796568,3.1344833632732048,4.9783698581600575,2.468479533359849,9.175898014895171,18.776697136637637
8118,60.133765322593746,34.32594370207369,1.1480246053917285,7.590056752295027,5.500907422203909,4.769358110841694,9.951141737400775,6.97861751121822,4.2677859391197615,11.43273206455143,5.048224627472727,7.256365084792213,4.608685827795022,9.201545792767803,5.662130823678069,7.354608575892475,9.800711993615508,2.7620677334177586,2.7180591677621972,4.646532774693072,19.351018300162906
6584,45.532769988723516,40.288285665888,3.813662934042127,13.63321647185353,4.948497554003893,1.8645641192687208,4.38618742904373,6.012692220541005,3.684615042813526,12.479442110475759,2.604173911036902,7.311469004773151,5.292848696933771,8.919963135654854,5.988332497326837,5.5829085173134,5.839374032111024,1.8669072119666836,1.4186099119489093,3.0466645510249153,17.555456295072275
8635,57.3125972561013,46.00292055080379,5.0065292267958075,19.29180962698308,8.185328688419247,1.6094585734566778,2.5808079733297262,6.853379956403446,4.771317874407849,7.2169023817398,6.0465323838324565,6.390934690054026,6.629538581885392,7.276952530126607,2.8109372214188397,5.34942880282429,4.437732109497048,3.7102946134958614,3.0590352094212268,7.261127210869874,15.314399013909878
957,59.08974172687306,42.971740603680615,1.5176089858936617,14.634007903309339,7.046881277544401,1.6707957977619685,3.2079708415280663,4.856201907495786,5.894602996520142,8.29605968875957,4.612113018624363,6.883492736039111,4.97612634510831,7.525446660033396,4.033783418744662,6.717786499182411,5.548482797620153,2.231938103599923,4.143417685485899,5.977988898041024,21.09464490166033
6590,40.51733074160842,38.27930810694642,3.8687503813688204,9.177956934377619,3.3432401812531793,1.4269942674995733,3.414482392872216,5.5125359245498196,4.122336137788579,12.68359931648628,4.591623456056894,7.182245851826076,5.5386477168703685,10.97686390707733,7.521203728553786,5.80327633646261,6.011784810314353,2.9274694002779498,1.7275836142575223,2.2342810840311076,17.37208510925342
8129,60.65817431803836,42.58247797615658,1.7571576147130843,14.502747698435542,6.47372500503235,1.789354174344652,3.546704780028392,5.115371327371605,5.748362720863462,8.853102072223024,3.9672963049195573,7.017646143785336,4.975104639343719,7.7729560329718765,4.56092774983469,6.832755327067752,5.691967915471196,1.7136631940312554,4.029602692541994,5.6371637055007335,21.237953639310007
8130,64.98042060634342,37.407611541696724,2.285711746201325,11.686124242522453,5.3928096994017665,1.2983603170257751,2.867583472830148,4.813763252146099,4.518868899703087,10.74777004646279,4.7967176981646915,6.942371267552673,5.264859756584874,9.522890877452085,5.133330029204444,6.301717654129746,5.5227953227894915,3.7824978006085956,3.3687381154681955,4.455246931711824,19.505178559552206
12741,57.7542293188626,44.3926829223885,1.638247452274884,19.263272866023613,12.12708839424397,0.976372835220765,1.6891443773007495,4.604484328422515,5.532545283065772,8.5570115341757,4.756297714459912,6.617493862993377,5.126671417900809,6.329612990235148,3.179853647099293,5.624667766173659,5.038804581221271,3.5189603063639296,2.8485191540698924,6.0567820230086165,19.806215999065245
454,64.24854996257073,37.44753967490854,1.9979260084847315,11.796952503033026,6.66303173002126,1.1905257619294716,2.4404638137792745,4.492828593320818,4.665131964273122,10.125719096032896,5.467912016168874,6.809297288059945,5.2550551228517905,8.971674092960626,4.488308729661128,6.279663842227562,5.39146494980325,4.435127398952353,3.1182474588171214,5.053936599198118,19.339017286124687
12232,53.381023596462455,19.132546619198763,2.144443498113524,-3.8574990801068907,-3.1767729176685293,7.651384916970791,17.266270278014616,9.798748863369074,1.7848415526069203,16.43708112545056,8.771185538060493,7.538615508164598,4.900286056419227,13.397292530169409,8.306087263042798,7.93554027959528,14.236385470187358,2.2975207557673727,1.5210939648346038,-0.3450272215344752,13.454147864302826
460,60.34060883089583,43.93012009087016,4.844534761934,14.200105047471425,2.4301421442133915,1.3651021002887163,2.493491923693327,7.9716932474009745,4.773747103308175,7.522253047166103,7.0567056700391575,6.665620897972101,6.365731579334655,7.586329576613252,3.001986269759925,5.87450738744309,4.175916352397763,3.4842154187261443,2.25236955001637,5.9147384607909474,20.19512797914274
14286,62.91985985743966,43.744038859069946,5.094329055968091,14.059423648106588,4.709779104460608,1.2590301951074352,1.8527850636253334,6.650636809195268,4.336747935393831,8.087308134694041,7.336198825368811,6.643578827089548,6.362198512022107,9.064838926802139,3.644185281881221,5.6503504312803,4.528866795737173,4.773675959155604,3.2548245085645195,4.795523086758473,16.093063594311815
7119,55.31092517957774,50.38301543979544,4.24866212004947,19.371703255015063,5.597067445370499,1.208431820183499,0.9168852597701971,8.5253776202012,6.113693434220664,3.155007035538418,4.834869568965438,6.365672358381488,6.679380297797082,5.091250765892909,0.4222598399347248,6.45084992565214,2.2950266464783056,2.1364902496741323,1.8706654412527577,9.84182455893719,22.449837563235036
7632,50.60712448902407,51.55731619839369,2.9551724644251625,14.266073112070671,6.1536529617151245,1.2409721429317315,1.138534919295779,7.118664042578041,6.055674134183121,4.556161539976117,4.783107751761932,6.437955667952725,6.128742271453882,5.482482602374802,1.8264796665083338,6.287837769427876,2.875896281409382,2.6997027427047584,3.681041929744895,11.54965503438418,21.150205575828608
8148,48.89435920876011,41.89438554642703,0.4005779596296841,13.09806786985331,8.391668695022133,1.5744287993159318,2.5438615433293847,3.711450132149203,5.949148435430409,7.287622177493205,2.031258061403861,7.034998532922463,4.604197098774193,6.93867250252714,4.283912024293215,6.71997488329374,4.987220878522052,2.865786701053736,4.361076202490091,6.964870148151165,22.986717712392164
62433,50.20060410126169,41.62810532562108,1.7215914745637884,17.410080946518406,10.438596400077813,1.2051089176072978,1.853137836916602,4.056462265092055,4.986504294151906,8.265386086880795,4.4763182253395755,6.500570621468251,5.134464830638639,7.215515908139281,4.21215038374325,5.12564222250613,4.686001352310811,3.7199834958474227,2.848073034836341,6.6835752902385375,18.71111945607609
10722,64.04568880246217,42.86102808002849,4.561474952945886,15.379870591985537,5.619284845858374,1.1195730077438597,1.9300854449360543,7.1578739423766535,4.903149645698377,8.069216606780529,6.310247867444986,6.6923318907597205,6.416055889929697,8.195365567954326,3.086924273373967,6.103147264604967,4.149512787715835,3.6699885532496666,2.92133711069299,5.507111920199429,19.656479628985807
7654,56.938641407855386,49.356761962026056,4.151329958542934,19.241220522684443,9.150737908597932,1.1339216155167833,1.7585164701185647,5.902296457014435,4.520689165042619,7.639056306373263,4.030429395286369,6.247661262330357,6.700421780083647,6.509216624164765,3.133184498190701,5.0592136780137285,3.383078265030477,1.9531766933693788,2.9510969458970226,10.226038326384018,17.603214475758733
999,54.82877317293966,35.59668982642228,4.696419791683949,8.089668803633685,-0.5164451103945567,1.3044007876845498,2.3054876235643036,7.7734513542747035,3.9240231492393036,8.981169435924372,8.575346203919395,6.436642604625985,6.606014199043487,12.201732989654914,7.420686387039126,6.516800309063547,4.337132873416593,4.040780967218424,1.218033570363973,5.789067235181293,18.0455706076379
62444,69.36706606913091,31.481633424194285,2.978376013742841,9.971672490307355,7.19079040173682,4.6571531716367645,10.216728404659705,7.200771525576034,3.305950480271072,13.728259264242126,7.580015856824666,7.056893964223065,5.258093399786566,10.91098142739716,7.465030263485318,6.57708297956059,10.59896710882947,2.0728384042080066,2.1005905022415714,2.1971655932833736,15.921005180607636
7150,59.224624367716956,46.56210567231619,4.598150564532922,19.048555382147185,9.034537572774695,1.317374431260788,1.9409985396728473,6.7232847047283375,4.7624595783792,7.6723770435636,4.829963940709732,6.5017730933314475,6.418945177908709,6.733927714654271,2.299472364246668,5.428977162029191,4.026945340703847,2.3362737232122868,2.553554431143736,7.302447898469418,18.31772131853191
8186,53.67649543946695,41.45834690452563,1.3491913763204124,13.518716094672016,7.396562322512011,0.7857918765982959,1.9227109485669303,4.13307856436913,5.3966669443593815,8.9651575884766,5.555433579116325,6.4636231723983935,5.212835599536788,7.83303581982932,3.5783800191678097,5.614106128155588,4.927546437260787,4.379869961267374,3.8950461864545165,5.404684362569392,17.89378654698001
7165,54.99212052318103,49.588899035969305,4.349953984193785,20.651850379298708,10.048309440132357,1.2379685364025264,1.7486039705131589,6.332743862152187,5.1320628466618885,6.5957650563426,4.129555434136414,6.427037696169112,6.344898952365997,5.55191996204104,1.6768060491992003,5.150183099210663,3.4791805492219794,2.141047237635462,2.569805445883988,8.863851438646261,18.1060324769538
6654,60.99529740769444,39.44427406289549,1.9082517424053722,2.4100275491061893,-1.5665751202263891,1.1914773227050262,0.8790985191404275,8.67236670996581,7.071443470886571,5.420781914619255,6.716542200246977,6.9531998863805695,5.786472938969294,7.062575482531628,3.1845662869842215,7.8512615586403305,3.3933043899530873,6.8298731407356,4.784844898984156,5.985264470259122,27.163794464092888
