Dataset 1,Dataset 2,Mixture 1,Mixture 2,Experimental Values,label
Snitz 2,Snitz 2,1.0,2.0,0.571079232,1
Snitz 2,Snitz 2,1.0,3.0,0.617074811,2
Snitz 2,Snitz 2,1.0,4.0,0.417794564,3
DA,Snitz 2,1.0,4.0,0.417794564,3
Snitz 2,Snitz 2,1.0,5.0,0.365823651,4
Snitz 2,Snitz 2,1.0,6.0,0.554831352,5
Snitz 2,Snitz 2,1.0,9.0,0.531256662,6
Snitz 2,Snitz 2,1.0,10.0,0.629883689,7
DA,Snitz 2,3.0,10.0,0.629883689,7
Snitz 2,Snitz 2,2.0,3.0,0.521107479,8
DA,Snitz 2,5.0,3.0,0.521107479,8
Snitz 2,Snitz 2,2.0,5.0,0.431679374,9
DA,Snitz 2,7.0,5.0,0.431679374,9
Snitz 2,Snitz 2,2.0,6.0,0.688897466,10
DA,Snitz 2,9.0,6.0,0.688897466,10
Snitz 2,Snitz 2,2.0,7.0,0.434875161,11
DA,Snitz 2,11.0,7.0,0.434875161,11
Snitz 2,Snitz 2,2.0,9.0,0.435297988,12
DA,Snitz 2,13.0,9.0,0.435297988,12
Snitz 2,Snitz 2,2.0,10.0,0.409498442,13
DA,Snitz 2,15.0,10.0,0.409498442,13
Snitz 2,Snitz 2,2.0,14.0,0.353717605,14
DA,Snitz 2,17.0,14.0,0.353717605,14
Snitz 2,Snitz 2,3.0,10.0,0.55311862,15
DA,Snitz 2,19.0,10.0,0.55311862,15
Snitz 2,Snitz 2,3.0,11.0,0.496331653,16
DA,Snitz 2,21.0,11.0,0.496331653,16
Snitz 2,Snitz 2,3.0,12.0,0.706568159,17
DA,Snitz 2,23.0,12.0,0.706568159,17
Snitz 2,Snitz 2,3.0,13.0,0.581259278,18
DA,Snitz 2,25.0,13.0,0.581259278,18
Snitz 2,Snitz 2,3.0,14.0,0.516065325,19
DA,Snitz 2,27.0,14.0,0.516065325,19
Snitz 2,Snitz 2,4.0,5.0,0.289236253,20
Snitz 2,Snitz 2,4.0,8.0,0.483749082,21
Snitz 2,Snitz 2,4.0,11.0,0.573445625,22
DA,Snitz 2,29.0,11.0,0.573445625,22
Snitz 2,Snitz 2,4.0,13.0,0.622244157,23
DA,Snitz 2,31.0,13.0,0.622244157,23
Snitz 2,Snitz 2,4.0,14.0,0.369436836,24
Snitz 2,Snitz 2,5.0,3.0,0.403165774,25
DA,Snitz 2,33.0,3.0,0.403165774,25
Snitz 2,Snitz 2,5.0,6.0,0.702678919,26
DA,Snitz 2,35.0,6.0,0.702678919,26
Snitz 2,Snitz 2,5.0,7.0,0.377680188,27
Snitz 2,Snitz 2,5.0,8.0,0.523572917,28
Snitz 2,Snitz 2,5.0,10.0,0.524793971,29
DA,Snitz 2,37.0,10.0,0.524793971,29
Snitz 2,Snitz 2,5.0,11.0,0.444452165,30
Snitz 2,Snitz 2,5.0,13.0,0.623722766,31
Snitz 2,Snitz 2,5.0,14.0,0.434726288,32
DA,Snitz 2,39.0,14.0,0.434726288,32
Snitz 2,Snitz 2,6.0,3.0,0.648905326,33
DA,Snitz 2,41.0,3.0,0.648905326,33
Snitz 2,Snitz 2,6.0,4.0,0.718496654,34
Snitz 2,Snitz 2,6.0,9.0,0.722060567,35
Snitz 2,Snitz 2,6.0,10.0,0.715333919,36
DA,Snitz 2,43.0,10.0,0.715333919,36
Snitz 2,Snitz 2,6.0,11.0,0.62178788,37
DA,Snitz 2,45.0,11.0,0.62178788,37
Snitz 2,Snitz 2,7.0,1.0,0.641323935,38
Snitz 2,Snitz 2,7.0,3.0,0.464489509,39
DA,Snitz 2,47.0,3.0,0.464489509,39
Snitz 2,Snitz 2,7.0,4.0,0.385388532,40
DA,Snitz 2,49.0,4.0,0.385388532,40
Snitz 2,Snitz 2,7.0,8.0,0.611684523,41
DA,Snitz 2,51.0,8.0,0.611684523,41
Snitz 2,Snitz 2,7.0,9.0,0.41743823,42
Snitz 2,Snitz 2,7.0,10.0,0.499030847,43
DA,Snitz 2,53.0,10.0,0.499030847,43
Snitz 2,Snitz 2,7.0,11.0,0.344029083,44
Snitz 2,Snitz 2,8.0,2.0,0.548093475,45
DA,Snitz 2,55.0,2.0,0.548093475,45
Snitz 2,Snitz 2,8.0,3.0,0.493943735,46
DA,Snitz 2,57.0,3.0,0.493943735,46
Snitz 2,Snitz 2,8.0,6.0,0.699666352,47
Snitz 2,Snitz 2,8.0,9.0,0.441539564,48
DA,Snitz 2,59.0,9.0,0.441539564,48
Snitz 2,Snitz 2,8.0,10.0,0.537752536,49
DA,Snitz 2,61.0,10.0,0.537752536,49
Snitz 2,Snitz 2,8.0,12.0,0.75005623,50
Snitz 2,Snitz 2,8.0,13.0,0.766438661,51
DA,Snitz 2,63.0,13.0,0.766438661,51
Snitz 2,Snitz 2,8.0,14.0,0.61790083,52
Snitz 2,Snitz 2,9.0,3.0,0.508135923,53
DA,Snitz 2,65.0,3.0,0.508135923,53
Snitz 2,Snitz 2,9.0,4.0,0.414009564,54
DA,Snitz 2,67.0,4.0,0.414009564,54
Snitz 2,Snitz 2,9.0,5.0,0.381566352,55
DA,Snitz 2,69.0,5.0,0.381566352,55
Snitz 2,Snitz 2,9.0,11.0,0.309007512,56
DA,Snitz 2,71.0,11.0,0.309007512,56
Snitz 2,Snitz 2,9.0,12.0,0.699182921,57
DA,Snitz 2,73.0,12.0,0.699182921,57
Snitz 2,Snitz 2,9.0,13.0,0.582958927,58
DA,Snitz 2,75.0,13.0,0.582958927,58
Snitz 2,Snitz 2,10.0,4.0,0.399586021,59
DA,Snitz 2,77.0,4.0,0.399586021,59
Snitz 2,Snitz 2,10.0,9.0,0.483212535,60
Snitz 2,Snitz 2,10.0,11.0,0.540210832,61
DA,Snitz 2,79.0,11.0,0.540210832,61
Snitz 2,Snitz 2,11.0,1.0,0.379850967,62
Snitz 2,Snitz 2,11.0,8.0,0.519923765,63
DA,Snitz 2,81.0,8.0,0.519923765,63
Snitz 2,Snitz 2,11.0,12.0,0.652060266,64
DA,Snitz 2,83.0,12.0,0.652060266,64
Snitz 2,Snitz 2,11.0,13.0,0.4955536,65
DA,Snitz 2,85.0,13.0,0.4955536,65
Snitz 2,Snitz 2,12.0,2.0,0.671511581,66
Snitz 2,Snitz 2,12.0,4.0,0.724689658,67
Snitz 2,Snitz 2,12.0,5.0,0.707735537,68
DA,Snitz 2,87.0,5.0,0.707735537,68
Snitz 2,Snitz 2,12.0,6.0,0.640651637,69
DA,Snitz 2,89.0,6.0,0.640651637,69
Snitz 2,Snitz 2,12.0,7.0,0.661498482,70
Snitz 2,Snitz 2,12.0,13.0,0.633933962,71
DA,Snitz 2,91.0,13.0,0.633933962,71
Snitz 2,Snitz 2,13.0,1.0,0.549520134,72
Snitz 2,Snitz 2,13.0,2.0,0.566943825,73
DA,Snitz 2,93.0,2.0,0.566943825,73
Snitz 2,Snitz 2,13.0,6.0,0.599266027,74
Snitz 2,Snitz 2,13.0,10.0,0.609489573,75
DA,Snitz 2,95.0,10.0,0.609489573,75
Snitz 2,Snitz 2,14.0,1.0,0.65665315,76
Snitz 2,Snitz 2,14.0,6.0,0.663165187,77
DA,Snitz 2,97.0,6.0,0.663165187,77
Snitz 2,Snitz 2,14.0,7.0,0.33198546,78
DA,Snitz 2,99.0,7.0,0.33198546,78
Snitz 2,Snitz 2,14.0,10.0,0.347093793,79
DA,Snitz 2,101.0,10.0,0.347093793,79
Snitz 2,Snitz 2,14.0,11.0,0.374876806,80
Snitz 2,Snitz 2,14.0,13.0,0.595095117,81
DA,Snitz 2,103.0,13.0,0.595095117,81
Snitz 1,Snitz 1,1.0,2.0,0.60416667,82
DA,Snitz 1,105.0,2.0,0.60416667,82
Snitz 1,Snitz 1,1.0,3.0,0.65104167,83
DA,Snitz 1,107.0,3.0,0.65104167,83
Snitz 1,Snitz 1,1.0,5.0,0.50520833,84
DA,Snitz 1,109.0,5.0,0.50520833,84
Snitz 1,Snitz 1,1.0,6.0,0.41145833,85
DA,Snitz 1,111.0,6.0,0.41145833,85
Snitz 1,Snitz 1,1.0,7.0,0.5625,86
Snitz 1,Snitz 1,3.0,38.0,0.77840909,87
DA,Snitz 1,113.0,38.0,0.77840909,87
Snitz 1,Snitz 1,3.0,39.0,0.77272727,88
DA,Snitz 1,115.0,39.0,0.77272727,88
Snitz 1,Snitz 1,3.0,40.0,0.72727273,89
DA,Snitz 1,117.0,40.0,0.72727273,89
Snitz 1,Snitz 1,3.0,41.0,0.69318182,90
DA,Snitz 1,119.0,41.0,0.69318182,90
Snitz 1,Snitz 1,8.0,2.0,0.75520833,91
Snitz 1,Snitz 1,8.0,3.0,0.68489583,92
DA,Snitz 1,121.0,3.0,0.68489583,92
Snitz 1,Snitz 1,8.0,4.0,0.84895833,93
DA,Snitz 1,123.0,4.0,0.84895833,93
Snitz 1,Snitz 1,8.0,5.0,0.765625,94
DA,Snitz 1,125.0,5.0,0.765625,94
Snitz 1,Snitz 1,8.0,6.0,0.80729167,95
DA,Snitz 1,127.0,6.0,0.80729167,95
Snitz 1,Snitz 1,8.0,7.0,0.90104167,96
Snitz 1,Snitz 1,9.0,2.0,0.56770833,97
DA,Snitz 1,129.0,2.0,0.56770833,97
Snitz 1,Snitz 1,9.0,3.0,0.671875,98
Snitz 1,Snitz 1,9.0,4.0,0.42447917,99
DA,Snitz 1,131.0,4.0,0.42447917,99
Snitz 1,Snitz 1,9.0,5.0,0.390625,100
DA,Snitz 1,133.0,5.0,0.390625,100
Snitz 1,Snitz 1,9.0,6.0,0.44791667,101
Snitz 1,Snitz 1,9.0,7.0,0.61979167,102
DA,Snitz 1,135.0,7.0,0.61979167,102
Snitz 1,Snitz 1,10.0,2.0,0.56770833,103
Snitz 1,Snitz 1,10.0,4.0,0.54166667,104
DA,Snitz 1,137.0,4.0,0.54166667,104
Snitz 1,Snitz 1,10.0,5.0,0.36979167,105
DA,Snitz 1,139.0,5.0,0.36979167,105
Snitz 1,Snitz 1,10.0,6.0,0.41145833,106
DA,Snitz 1,141.0,6.0,0.41145833,106
Snitz 1,Snitz 1,10.0,7.0,0.45833333,107
Snitz 1,Snitz 1,11.0,2.0,0.51041667,108
Snitz 1,Snitz 1,11.0,3.0,0.71354167,109
DA,Snitz 1,143.0,3.0,0.71354167,109
Snitz 1,Snitz 1,11.0,4.0,0.46875,110
DA,Snitz 1,145.0,4.0,0.46875,110
Snitz 1,Snitz 1,11.0,5.0,0.34375,111
DA,Snitz 1,147.0,5.0,0.34375,111
Snitz 1,Snitz 1,11.0,6.0,0.38020833,112
DA,Snitz 1,149.0,6.0,0.38020833,112
Snitz 1,Snitz 1,11.0,7.0,0.55208333,113
Snitz 1,Snitz 1,12.0,2.0,0.77083333,114
DA,Snitz 1,151.0,2.0,0.77083333,114
Snitz 1,Snitz 1,12.0,3.0,0.765625,115
DA,Snitz 1,153.0,3.0,0.765625,115
Snitz 1,Snitz 1,12.0,4.0,0.69791667,116
DA,Snitz 1,155.0,4.0,0.69791667,116
Snitz 1,Snitz 1,12.0,5.0,0.68229167,117
DA,Snitz 1,157.0,5.0,0.68229167,117
Snitz 1,Snitz 1,12.0,6.0,0.63020833,118
DA,Snitz 1,159.0,6.0,0.63020833,118
Snitz 1,Snitz 1,12.0,7.0,0.7109375,119
DA,Snitz 1,161.0,7.0,0.7109375,119
Snitz 1,Snitz 1,13.0,14.0,0.75480769,120
DA,Snitz 1,163.0,14.0,0.75480769,120
Snitz 1,Snitz 1,13.0,15.0,0.70192308,121
DA,Snitz 1,165.0,15.0,0.70192308,121
Snitz 1,Snitz 1,13.0,16.0,0.70673077,122
Snitz 1,Snitz 1,13.0,17.0,0.58173077,123
DA,Snitz 1,167.0,17.0,0.58173077,123
Snitz 1,Snitz 1,13.0,18.0,0.56730769,124
Snitz 1,Snitz 1,13.0,19.0,0.82211538,125
DA,Snitz 1,169.0,19.0,0.82211538,125
Snitz 1,Snitz 1,20.0,14.0,0.71153846,126
DA,Snitz 1,171.0,14.0,0.71153846,126
Snitz 1,Snitz 1,20.0,15.0,0.53365385,127
DA,Snitz 1,173.0,15.0,0.53365385,127
Snitz 1,Snitz 1,20.0,17.0,0.77403846,128
DA,Snitz 1,175.0,17.0,0.77403846,128
Snitz 1,Snitz 1,20.0,18.0,0.72115385,129
DA,Snitz 1,177.0,18.0,0.72115385,129
Snitz 1,Snitz 1,20.0,19.0,0.53365385,130
DA,Snitz 1,179.0,19.0,0.53365385,130
Snitz 1,Snitz 1,21.0,14.0,0.73557692,131
DA,Snitz 1,181.0,14.0,0.73557692,131
Snitz 1,Snitz 1,21.0,15.0,0.71153846,132
DA,Snitz 1,183.0,15.0,0.71153846,132
Snitz 1,Snitz 1,21.0,16.0,0.57211538,133
DA,Snitz 1,185.0,16.0,0.57211538,133
Snitz 1,Snitz 1,21.0,17.0,0.51442308,134
DA,Snitz 1,187.0,17.0,0.51442308,134
Snitz 1,Snitz 1,21.0,18.0,0.53365385,135
Snitz 1,Snitz 1,21.0,19.0,0.68269231,136
DA,Snitz 1,189.0,19.0,0.68269231,136
Snitz 1,Snitz 1,22.0,14.0,0.73557692,137
Snitz 1,Snitz 1,22.0,15.0,0.68269231,138
DA,Snitz 1,191.0,15.0,0.68269231,138
Snitz 1,Snitz 1,22.0,16.0,0.45192308,139
Snitz 1,Snitz 1,22.0,17.0,0.42788462,140
DA,Snitz 1,193.0,17.0,0.42788462,140
Snitz 1,Snitz 1,22.0,18.0,0.5,141
DA,Snitz 1,195.0,18.0,0.5,141
Snitz 1,Snitz 1,22.0,19.0,0.79326923,142
DA,Snitz 1,197.0,19.0,0.79326923,142
Snitz 1,Snitz 1,23.0,14.0,0.75480769,143
DA,Snitz 1,199.0,14.0,0.75480769,143
Snitz 1,Snitz 1,23.0,15.0,0.67307692,144
DA,Snitz 1,201.0,15.0,0.67307692,144
Snitz 1,Snitz 1,23.0,16.0,0.5,145
Snitz 1,Snitz 1,23.0,17.0,0.45192308,146
Snitz 1,Snitz 1,23.0,18.0,0.41826923,147
DA,Snitz 1,203.0,18.0,0.41826923,147
Snitz 1,Snitz 1,23.0,19.0,0.77884615,148
DA,Snitz 1,205.0,19.0,0.77884615,148
Snitz 1,Snitz 1,24.0,14.0,0.77884615,149
DA,Snitz 1,207.0,14.0,0.77884615,149
Snitz 1,Snitz 1,24.0,15.0,0.70192308,150
DA,Snitz 1,209.0,15.0,0.70192308,150
Snitz 1,Snitz 1,24.0,16.0,0.73557692,151
DA,Snitz 1,211.0,16.0,0.73557692,151
Snitz 1,Snitz 1,24.0,18.0,0.77884615,152
DA,Snitz 1,213.0,18.0,0.77884615,152
Snitz 1,Snitz 1,24.0,19.0,0.67788462,153
DA,Snitz 1,215.0,19.0,0.67788462,153
Snitz 1,Snitz 1,25.0,26.0,0.71153846,154
DA,Snitz 1,217.0,26.0,0.71153846,154
Snitz 1,Snitz 1,25.0,27.0,0.72115385,155
DA,Snitz 1,219.0,27.0,0.72115385,155
Snitz 1,Snitz 1,25.0,28.0,0.62980769,156
Snitz 1,Snitz 1,25.0,29.0,0.67307692,157
DA,Snitz 1,221.0,29.0,0.67307692,157
Snitz 1,Snitz 1,25.0,30.0,0.66346154,158
DA,Snitz 1,223.0,30.0,0.66346154,158
Snitz 1,Snitz 1,25.0,31.0,0.61057692,159
DA,Snitz 1,225.0,31.0,0.61057692,159
Snitz 1,Snitz 1,32.0,26.0,0.8125,160
DA,Snitz 1,227.0,26.0,0.8125,160
Snitz 1,Snitz 1,32.0,27.0,0.72115385,161
DA,Snitz 1,229.0,27.0,0.72115385,161
Snitz 1,Snitz 1,32.0,28.0,0.79326923,162
Snitz 1,Snitz 1,32.0,29.0,0.61057692,163
DA,Snitz 1,231.0,29.0,0.61057692,163
Snitz 1,Snitz 1,32.0,30.0,0.74038462,164
DA,Snitz 1,233.0,30.0,0.74038462,164
Snitz 1,Snitz 1,32.0,31.0,0.75480769,165
DA,Snitz 1,235.0,31.0,0.75480769,165
Snitz 1,Snitz 1,33.0,26.0,0.68269231,166
Snitz 1,Snitz 1,33.0,27.0,0.61538462,167
Snitz 1,Snitz 1,33.0,28.0,0.73557692,168
DA,Snitz 1,237.0,28.0,0.73557692,168
Snitz 1,Snitz 1,33.0,29.0,0.53365385,169
DA,Snitz 1,239.0,29.0,0.53365385,169
Snitz 1,Snitz 1,33.0,30.0,0.51923077,170
Snitz 1,Snitz 1,33.0,31.0,0.72596154,171
DA,Snitz 1,241.0,31.0,0.72596154,171
Snitz 1,Snitz 1,34.0,26.0,0.65865385,172
DA,Snitz 1,243.0,26.0,0.65865385,172
Snitz 1,Snitz 1,34.0,27.0,0.63461538,173
DA,Snitz 1,245.0,27.0,0.63461538,173
Snitz 1,Snitz 1,34.0,28.0,0.69230769,174
DA,Snitz 1,247.0,28.0,0.69230769,174
Snitz 1,Snitz 1,34.0,29.0,0.52403846,175
DA,Snitz 1,249.0,29.0,0.52403846,175
Snitz 1,Snitz 1,34.0,30.0,0.45673077,176
Snitz 1,Snitz 1,34.0,31.0,0.69230769,177
DA,Snitz 1,251.0,31.0,0.69230769,177
Snitz 1,Snitz 1,35.0,26.0,0.73557692,178
DA,Snitz 1,253.0,26.0,0.73557692,178
Snitz 1,Snitz 1,35.0,27.0,0.65384615,179
Snitz 1,Snitz 1,35.0,28.0,0.67307692,180
DA,Snitz 1,255.0,28.0,0.67307692,180
Snitz 1,Snitz 1,35.0,29.0,0.62980769,181
DA,Snitz 1,257.0,29.0,0.62980769,181
Snitz 1,Snitz 1,35.0,30.0,0.51442308,182
Snitz 1,Snitz 1,35.0,31.0,0.65384615,183
Snitz 1,Snitz 1,36.0,26.0,0.76923077,184
DA,Snitz 1,259.0,26.0,0.76923077,184
Snitz 1,Snitz 1,36.0,27.0,0.65384615,185
DA,Snitz 1,261.0,27.0,0.65384615,185
Snitz 1,Snitz 1,36.0,28.0,0.71634615,186
DA,Snitz 1,263.0,28.0,0.71634615,186
Snitz 1,Snitz 1,36.0,29.0,0.80769231,187
DA,Snitz 1,265.0,29.0,0.80769231,187
Snitz 1,Snitz 1,36.0,30.0,0.76442308,188
DA,Snitz 1,267.0,30.0,0.76442308,188
Snitz 1,Snitz 1,36.0,31.0,0.82692308,189
DA,Snitz 1,269.0,31.0,0.82692308,189
Snitz 1,Snitz 1,37.0,38.0,0.52272727,190
Snitz 1,Snitz 1,37.0,39.0,0.625,191
DA,Snitz 1,271.0,39.0,0.625,191
Snitz 1,Snitz 1,37.0,40.0,0.64204545,192
DA,Snitz 1,273.0,40.0,0.64204545,192
Snitz 1,Snitz 1,37.0,41.0,0.625,193
DA,Snitz 1,275.0,41.0,0.625,193
Snitz 1,Snitz 1,42.0,39.0,0.52840909,194
DA,Snitz 1,277.0,39.0,0.52840909,194
Snitz 1,Snitz 1,42.0,40.0,0.53977273,195
DA,Snitz 1,279.0,40.0,0.53977273,195
Snitz 1,Snitz 1,42.0,41.0,0.47159091,196
DA,Snitz 1,281.0,41.0,0.47159091,196
Snitz 1,Snitz 1,43.0,38.0,0.66477273,197
DA,Snitz 1,283.0,38.0,0.66477273,197
Snitz 1,Snitz 1,43.0,39.0,0.64204545,198
Snitz 1,Snitz 1,43.0,40.0,0.65340909,199
DA,Snitz 1,285.0,40.0,0.65340909,199
Snitz 1,Snitz 1,43.0,41.0,0.64772727,200
DA,Snitz 1,287.0,41.0,0.64772727,200
Snitz 1,Snitz 1,43.0,44.0,0.65909091,201
DA,Snitz 1,289.0,44.0,0.65909091,201
Snitz 1,Snitz 1,43.0,45.0,0.84090909,202
DA,Snitz 1,291.0,45.0,0.84090909,202
Snitz 1,Snitz 1,43.0,46.0,0.6875,203
DA,Snitz 1,293.0,46.0,0.6875,203
Snitz 1,Snitz 1,47.0,38.0,0.39204545,204
DA,Snitz 1,295.0,38.0,0.39204545,204
Snitz 1,Snitz 1,47.0,40.0,0.48863636,205
Snitz 1,Snitz 1,47.0,44.0,0.66477273,206
DA,Snitz 1,297.0,44.0,0.66477273,206
Snitz 1,Snitz 1,47.0,45.0,0.78977273,207
DA,Snitz 1,299.0,45.0,0.78977273,207
Snitz 1,Snitz 1,47.0,46.0,0.61931818,208
DA,Snitz 1,301.0,46.0,0.61931818,208
Snitz 1,Snitz 1,48.0,38.0,0.41477273,209
Snitz 1,Snitz 1,48.0,39.0,0.44318182,210
DA,Snitz 1,303.0,39.0,0.44318182,210
Snitz 1,Snitz 1,48.0,40.0,0.34659091,211
Snitz 1,Snitz 1,48.0,41.0,0.52272727,212
Snitz 1,Snitz 1,48.0,44.0,0.67613636,213
DA,Snitz 1,305.0,44.0,0.67613636,213
Snitz 1,Snitz 1,48.0,45.0,0.75568182,214
DA,Snitz 1,307.0,45.0,0.75568182,214
Snitz 1,Snitz 1,48.0,46.0,0.52840909,215
Snitz 1,Snitz 1,49.0,38.0,0.45454545,216
DA,Snitz 1,309.0,38.0,0.45454545,216
Snitz 1,Snitz 1,49.0,39.0,0.61931818,217
Snitz 1,Snitz 1,49.0,40.0,0.64772727,218
DA,Snitz 1,311.0,40.0,0.64772727,218
Snitz 1,Snitz 1,49.0,41.0,0.59090909,219
DA,Snitz 1,313.0,41.0,0.59090909,219
Snitz 1,Snitz 1,49.0,44.0,0.35227273,220
DA,Snitz 1,315.0,44.0,0.35227273,220
Snitz 1,Snitz 1,49.0,46.0,0.60227273,221
Ravia,Ravia,1.0,11.0,0.75,222
DA,Ravia,317.0,11.0,0.75,222
Ravia,Ravia,2.0,12.0,0.5893,223
DA,Ravia,319.0,12.0,0.5893,223
Ravia,Ravia,3.0,13.0,0.5,224
DA,Ravia,321.0,13.0,0.5,224
Ravia,Ravia,4.0,14.0,0.5,225
DA,Ravia,323.0,14.0,0.5,225
Ravia,Ravia,5.0,15.0,0.6607,226
DA,Ravia,325.0,15.0,0.6607,226
Ravia,Ravia,6.0,16.0,0.5179,227
DA,Ravia,327.0,16.0,0.5179,227
Ravia,Ravia,8.0,18.0,0.4821,228
DA,Ravia,329.0,18.0,0.4821,228
Ravia,Ravia,9.0,19.0,0.375,229
DA,Ravia,331.0,19.0,0.375,229
Ravia,Ravia,10.0,20.0,0.75,230
DA,Ravia,333.0,20.0,0.75,230
Ravia,Ravia,21.0,31.0,0.5893,231
DA,Ravia,335.0,31.0,0.5893,231
Ravia,Ravia,22.0,32.0,0.9107,232
DA,Ravia,337.0,32.0,0.9107,232
Ravia,Ravia,23.0,33.0,0.4821,233
DA,Ravia,339.0,33.0,0.4821,233
Ravia,Ravia,24.0,34.0,0.7321,234
Ravia,Ravia,25.0,35.0,0.4643,235
DA,Ravia,341.0,35.0,0.4643,235
Ravia,Ravia,26.0,36.0,0.7143,236
DA,Ravia,343.0,36.0,0.7143,236
Ravia,Ravia,27.0,37.0,0.5,237
DA,Ravia,345.0,37.0,0.5,237
Ravia,Ravia,28.0,38.0,0.6071,238
DA,Ravia,347.0,38.0,0.6071,238
Ravia,Ravia,29.0,39.0,0.5893,239
DA,Ravia,349.0,39.0,0.5893,239
Ravia,Ravia,42.0,52.0,0.5,240
DA,Ravia,351.0,52.0,0.5,240
Ravia,Ravia,43.0,53.0,0.3958,241
DA,Ravia,353.0,53.0,0.3958,241
Ravia,Ravia,45.0,55.0,0.3542,242
DA,Ravia,355.0,55.0,0.3542,242
Ravia,Ravia,46.0,56.0,0.5208,243
DA,Ravia,357.0,56.0,0.5208,243
Ravia,Ravia,47.0,57.0,0.5,244
Ravia,Ravia,48.0,58.0,0.3542,245
DA,Ravia,359.0,58.0,0.3542,245
Ravia,Ravia,49.0,59.0,0.3125,246
DA,Ravia,361.0,59.0,0.3125,246
Ravia,Ravia,50.0,60.0,0.3958,247
DA,Ravia,363.0,60.0,0.3958,247
Ravia,Ravia,61.0,71.0,0.6667,248
DA,Ravia,365.0,71.0,0.6667,248
Ravia,Ravia,62.0,72.0,0.5417,249
DA,Ravia,367.0,72.0,0.5417,249
Ravia,Ravia,63.0,73.0,0.6042,250
DA,Ravia,369.0,73.0,0.6042,250
Ravia,Ravia,64.0,74.0,0.4583,251
DA,Ravia,371.0,74.0,0.4583,251
Ravia,Ravia,65.0,75.0,0.6458,252
DA,Ravia,373.0,75.0,0.6458,252
Ravia,Ravia,66.0,76.0,0.7292,253
DA,Ravia,375.0,76.0,0.7292,253
Ravia,Ravia,67.0,77.0,0.6458,254
DA,Ravia,377.0,77.0,0.6458,254
Ravia,Ravia,68.0,78.0,0.6667,255
DA,Ravia,379.0,78.0,0.6667,255
Ravia,Ravia,69.0,79.0,0.6042,256
DA,Ravia,381.0,79.0,0.6042,256
Ravia,Ravia,70.0,80.0,0.7708,257
DA,Ravia,383.0,80.0,0.7708,257
Ravia,Ravia,81.0,91.0,0.4375,258
DA,Ravia,385.0,91.0,0.4375,258
Ravia,Ravia,82.0,92.0,0.3594,259
DA,Ravia,387.0,92.0,0.3594,259
Ravia,Ravia,83.0,93.0,0.4688,260
DA,Ravia,389.0,93.0,0.4688,260
Ravia,Ravia,84.0,94.0,0.4688,261
DA,Ravia,391.0,94.0,0.4688,261
Ravia,Ravia,86.0,96.0,0.4062,262
DA,Ravia,393.0,96.0,0.4062,262
Ravia,Ravia,87.0,97.0,0.3906,263
DA,Ravia,395.0,97.0,0.3906,263
Ravia,Ravia,88.0,98.0,0.4219,264
DA,Ravia,397.0,98.0,0.4219,264
Ravia,Ravia,89.0,99.0,0.4219,265
DA,Ravia,399.0,99.0,0.4219,265
Ravia,Ravia,90.0,100.0,0.4688,266
DA,Ravia,401.0,100.0,0.4688,266
Bushdid,Bushdid,1.0,2.0,0.576923,267
DA,Bushdid,403.0,2.0,0.576923,267
Bushdid,Bushdid,3.0,4.0,0.692308,268
DA,Bushdid,405.0,4.0,0.692308,268
Bushdid,Bushdid,5.0,6.0,0.269231,269
DA,Bushdid,407.0,6.0,0.269231,269
Bushdid,Bushdid,9.0,10.0,0.576923,270
DA,Bushdid,409.0,10.0,0.576923,270
Bushdid,Bushdid,11.0,12.0,0.307692,271
Bushdid,Bushdid,13.0,14.0,0.5,272
DA,Bushdid,411.0,14.0,0.5,272
Bushdid,Bushdid,15.0,16.0,0.769231,273
DA,Bushdid,413.0,16.0,0.769231,273
Bushdid,Bushdid,23.0,24.0,0.653846,274
DA,Bushdid,415.0,24.0,0.653846,274
Bushdid,Bushdid,25.0,26.0,0.769231,275
Bushdid,Bushdid,27.0,28.0,0.807692,276
DA,Bushdid,417.0,28.0,0.807692,276
Bushdid,Bushdid,31.0,32.0,0.615385,277
DA,Bushdid,419.0,32.0,0.615385,277
Bushdid,Bushdid,33.0,34.0,0.423077,278
DA,Bushdid,421.0,34.0,0.423077,278
Bushdid,Bushdid,35.0,36.0,0.576923,279
Bushdid,Bushdid,37.0,38.0,0.576923,280
Bushdid,Bushdid,39.0,40.0,0.615385,281
DA,Bushdid,423.0,40.0,0.615385,281
Bushdid,Bushdid,41.0,42.0,0.538462,282
Bushdid,Bushdid,43.0,44.0,0.5,283
DA,Bushdid,425.0,44.0,0.5,283
Bushdid,Bushdid,45.0,46.0,0.576923,284
DA,Bushdid,427.0,46.0,0.576923,284
Bushdid,Bushdid,47.0,48.0,0.807692,285
DA,Bushdid,429.0,48.0,0.807692,285
Bushdid,Bushdid,49.0,50.0,0.269231,286
DA,Bushdid,431.0,50.0,0.269231,286
Bushdid,Bushdid,53.0,54.0,0.653846,287
DA,Bushdid,433.0,54.0,0.653846,287
Bushdid,Bushdid,55.0,56.0,0.615385,288
DA,Bushdid,435.0,56.0,0.615385,288
Bushdid,Bushdid,57.0,58.0,0.653846,289
DA,Bushdid,437.0,58.0,0.653846,289
Bushdid,Bushdid,59.0,60.0,0.538462,290
DA,Bushdid,439.0,60.0,0.538462,290
Bushdid,Bushdid,61.0,62.0,0.576923,291
DA,Bushdid,441.0,62.0,0.576923,291
Bushdid,Bushdid,63.0,64.0,0.5,292
DA,Bushdid,443.0,64.0,0.5,292
Bushdid,Bushdid,67.0,68.0,0.346154,293
Bushdid,Bushdid,69.0,70.0,0.5,294
DA,Bushdid,445.0,70.0,0.5,294
Bushdid,Bushdid,71.0,72.0,0.307692,295
DA,Bushdid,447.0,72.0,0.307692,295
Bushdid,Bushdid,73.0,74.0,0.692308,296
Bushdid,Bushdid,75.0,76.0,0.423077,297
DA,Bushdid,449.0,76.0,0.423077,297
Bushdid,Bushdid,77.0,78.0,0.538462,298
Bushdid,Bushdid,79.0,80.0,0.346154,299
DA,Bushdid,451.0,80.0,0.346154,299
Bushdid,Bushdid,81.0,82.0,0.692308,300
DA,Bushdid,453.0,82.0,0.692308,300
Bushdid,Bushdid,83.0,84.0,0.384615,301
DA,Bushdid,455.0,84.0,0.384615,301
Bushdid,Bushdid,85.0,86.0,0.461538,302
DA,Bushdid,457.0,86.0,0.461538,302
Bushdid,Bushdid,87.0,88.0,0.730769,303
DA,Bushdid,459.0,88.0,0.730769,303
Bushdid,Bushdid,89.0,90.0,0.307692,304
DA,Bushdid,461.0,90.0,0.307692,304
Bushdid,Bushdid,91.0,92.0,0.346154,305
Bushdid,Bushdid,93.0,94.0,0.538462,306
Bushdid,Bushdid,95.0,96.0,0.769231,307
Bushdid,Bushdid,97.0,98.0,0.807692,308
Bushdid,Bushdid,99.0,100.0,0.423077,309
DA,Bushdid,463.0,100.0,0.423077,309
Bushdid,Bushdid,101.0,102.0,0.769231,310
DA,Bushdid,465.0,102.0,0.769231,310
Bushdid,Bushdid,103.0,104.0,0.884615,311
DA,Bushdid,467.0,104.0,0.884615,311
Bushdid,Bushdid,105.0,106.0,0.153846,312
Bushdid,Bushdid,107.0,108.0,0.423077,313
Bushdid,Bushdid,109.0,110.0,0.807692,314
DA,Bushdid,469.0,110.0,0.807692,314
Bushdid,Bushdid,111.0,112.0,0.269231,315
DA,Bushdid,471.0,112.0,0.269231,315
Bushdid,Bushdid,113.0,114.0,0.846154,316
DA,Bushdid,473.0,114.0,0.846154,316
Bushdid,Bushdid,115.0,116.0,0.384615,317
DA,Bushdid,475.0,116.0,0.384615,317
Bushdid,Bushdid,117.0,118.0,0.461538,318
Bushdid,Bushdid,121.0,122.0,0.307692,319
DA,Bushdid,477.0,122.0,0.307692,319
Bushdid,Bushdid,123.0,124.0,0.269231,320
Bushdid,Bushdid,125.0,126.0,0.192308,321
DA,Bushdid,479.0,126.0,0.192308,321
Bushdid,Bushdid,127.0,128.0,0.538462,322
DA,Bushdid,481.0,128.0,0.538462,322
Bushdid,Bushdid,129.0,130.0,0.538462,323
DA,Bushdid,483.0,130.0,0.538462,323
Bushdid,Bushdid,131.0,132.0,0.846154,324
DA,Bushdid,485.0,132.0,0.846154,324
Bushdid,Bushdid,137.0,138.0,0.576923,325
DA,Bushdid,487.0,138.0,0.576923,325
Bushdid,Bushdid,141.0,142.0,0.423077,326
DA,Bushdid,489.0,142.0,0.423077,326
Bushdid,Bushdid,143.0,144.0,0.692308,327
Bushdid,Bushdid,145.0,146.0,0.807692,328
DA,Bushdid,491.0,146.0,0.807692,328
Bushdid,Bushdid,147.0,148.0,0.730769,329
DA,Bushdid,493.0,148.0,0.730769,329
Bushdid,Bushdid,149.0,150.0,0.846154,330
DA,Bushdid,495.0,150.0,0.846154,330
Bushdid,Bushdid,151.0,152.0,0.423077,331
DA,Bushdid,497.0,152.0,0.423077,331
Bushdid,Bushdid,153.0,154.0,0.5,332
DA,Bushdid,499.0,154.0,0.5,332
Bushdid,Bushdid,155.0,156.0,0.807692,333
Bushdid,Bushdid,157.0,158.0,0.307692,334
DA,Bushdid,501.0,158.0,0.307692,334
Bushdid,Bushdid,159.0,160.0,0.692308,335
DA,Bushdid,503.0,160.0,0.692308,335
Bushdid,Bushdid,161.0,162.0,0.346154,336
DA,Bushdid,505.0,162.0,0.346154,336
Bushdid,Bushdid,163.0,164.0,0.461538,337
DA,Bushdid,507.0,164.0,0.461538,337
Bushdid,Bushdid,165.0,166.0,0.615385,338
DA,Bushdid,509.0,166.0,0.615385,338
Bushdid,Bushdid,169.0,170.0,0.692308,339
DA,Bushdid,511.0,170.0,0.692308,339
Bushdid,Bushdid,173.0,174.0,0.769231,340
Bushdid,Bushdid,175.0,176.0,0.192308,341
DA,Bushdid,513.0,176.0,0.192308,341
Bushdid,Bushdid,177.0,178.0,0.269231,342
DA,Bushdid,515.0,178.0,0.269231,342
Bushdid,Bushdid,179.0,180.0,0.538462,343
DA,Bushdid,517.0,180.0,0.538462,343
Bushdid,Bushdid,181.0,182.0,0.807692,344
DA,Bushdid,519.0,182.0,0.807692,344
Bushdid,Bushdid,183.0,184.0,0.769231,345
DA,Bushdid,521.0,184.0,0.769231,345
Bushdid,Bushdid,185.0,186.0,0.769231,346
DA,Bushdid,523.0,186.0,0.769231,346
Bushdid,Bushdid,187.0,188.0,0.423077,347
DA,Bushdid,525.0,188.0,0.423077,347
Bushdid,Bushdid,189.0,190.0,0.807692,348
DA,Bushdid,527.0,190.0,0.807692,348
Bushdid,Bushdid,191.0,192.0,0.730769,349
DA,Bushdid,529.0,192.0,0.730769,349
Bushdid,Bushdid,193.0,194.0,0.153846,350
DA,Bushdid,531.0,194.0,0.153846,350
Bushdid,Bushdid,195.0,196.0,0.5,351
Bushdid,Bushdid,197.0,198.0,0.461538,352
DA,Bushdid,533.0,198.0,0.461538,352
Bushdid,Bushdid,199.0,200.0,0.153846,353
DA,Bushdid,535.0,200.0,0.153846,353
Bushdid,Bushdid,201.0,202.0,0.461538,354
DA,Bushdid,537.0,202.0,0.461538,354
Bushdid,Bushdid,205.0,206.0,0.307692,355
DA,Bushdid,539.0,206.0,0.307692,355
Bushdid,Bushdid,207.0,208.0,0.576923,356
DA,Bushdid,541.0,208.0,0.576923,356
Bushdid,Bushdid,209.0,210.0,0.615385,357
DA,Bushdid,543.0,210.0,0.615385,357
Bushdid,Bushdid,211.0,212.0,0.653846,358
DA,Bushdid,545.0,212.0,0.653846,358
Bushdid,Bushdid,213.0,214.0,0.653846,359
Bushdid,Bushdid,215.0,216.0,0.538462,360
DA,Bushdid,547.0,216.0,0.538462,360
Bushdid,Bushdid,217.0,218.0,0.5,361
DA,Bushdid,549.0,218.0,0.5,361
Bushdid,Bushdid,219.0,220.0,0.769231,362
DA,Bushdid,551.0,220.0,0.769231,362
Bushdid,Bushdid,221.0,222.0,0.730769,363
Bushdid,Bushdid,223.0,224.0,0.461538,364
DA,Bushdid,553.0,224.0,0.461538,364
Bushdid,Bushdid,225.0,226.0,0.5,365
DA,Bushdid,555.0,226.0,0.5,365
Bushdid,Bushdid,227.0,228.0,0.615385,366
DA,Bushdid,557.0,228.0,0.615385,366
Bushdid,Bushdid,229.0,230.0,0.730769,367
DA,Bushdid,559.0,230.0,0.730769,367
Bushdid,Bushdid,231.0,232.0,0.384615,368
Bushdid,Bushdid,237.0,238.0,0.538462,369
DA,Bushdid,561.0,238.0,0.538462,369
Bushdid,Bushdid,239.0,240.0,0.153846,370
Bushdid,Bushdid,241.0,242.0,0.730769,371
Bushdid,Bushdid,245.0,246.0,0.307692,372
DA,Bushdid,563.0,246.0,0.307692,372
Bushdid,Bushdid,247.0,248.0,0.461538,373
Bushdid,Bushdid,249.0,250.0,0.269231,374
DA,Bushdid,565.0,250.0,0.269231,374
Bushdid,Bushdid,251.0,252.0,0.730769,375
DA,Bushdid,567.0,252.0,0.730769,375
Bushdid,Bushdid,253.0,254.0,0.653846,376
DA,Bushdid,569.0,254.0,0.653846,376
Bushdid,Bushdid,255.0,256.0,0.730769,377
DA,Bushdid,571.0,256.0,0.730769,377
Bushdid,Bushdid,257.0,258.0,0.576923,378
DA,Bushdid,573.0,258.0,0.576923,378
Bushdid,Bushdid,259.0,260.0,0.269231,379
Bushdid,Bushdid,261.0,262.0,0.461538,380
DA,Bushdid,575.0,262.0,0.461538,380
Bushdid,Bushdid,263.0,264.0,0.423077,381
DA,Bushdid,577.0,264.0,0.423077,381
Bushdid,Bushdid,265.0,266.0,0.192308,382
DA,Bushdid,579.0,266.0,0.192308,382
Bushdid,Bushdid,267.0,268.0,0.538462,383
DA,Bushdid,581.0,268.0,0.538462,383
Bushdid,Bushdid,269.0,270.0,0.384615,384
DA,Bushdid,583.0,270.0,0.384615,384
Bushdid,Bushdid,271.0,272.0,0.653846,385
Bushdid,Bushdid,273.0,274.0,0.923077,386
DA,Bushdid,585.0,274.0,0.923077,386
Bushdid,Bushdid,275.0,276.0,0.423077,387
DA,Bushdid,587.0,276.0,0.423077,387
Bushdid,Bushdid,277.0,278.0,0.615385,388
DA,Bushdid,589.0,278.0,0.615385,388
Bushdid,Bushdid,279.0,280.0,0.346154,389
DA,Bushdid,591.0,280.0,0.346154,389
Bushdid,Bushdid,281.0,282.0,0.846154,390
Bushdid,Bushdid,283.0,284.0,0.615385,391
DA,Bushdid,593.0,284.0,0.615385,391
Bushdid,Bushdid,285.0,286.0,0.384615,392
Bushdid,Bushdid,287.0,288.0,0.423077,393
DA,Bushdid,595.0,288.0,0.423077,393
Bushdid,Bushdid,289.0,290.0,0.730769,394
DA,Bushdid,597.0,290.0,0.730769,394
Bushdid,Bushdid,291.0,292.0,0.5,395
DA,Bushdid,599.0,292.0,0.5,395
Bushdid,Bushdid,293.0,294.0,0.538462,396
Bushdid,Bushdid,295.0,296.0,0.384615,397
DA,Bushdid,601.0,296.0,0.384615,397
Bushdid,Bushdid,297.0,298.0,0.846154,398
DA,Bushdid,603.0,298.0,0.846154,398
Bushdid,Bushdid,299.0,300.0,0.653846,399
Bushdid,Bushdid,301.0,302.0,0.269231,400
DA,Bushdid,605.0,302.0,0.269231,400
Bushdid,Bushdid,303.0,304.0,0.269231,401
DA,Bushdid,607.0,304.0,0.269231,401
Bushdid,Bushdid,305.0,306.0,0.769231,402
DA,Bushdid,609.0,306.0,0.769231,402
Bushdid,Bushdid,307.0,308.0,0.576923,403
Bushdid,Bushdid,309.0,310.0,0.538462,404
Bushdid,Bushdid,311.0,312.0,0.615385,405
DA,Bushdid,611.0,312.0,0.615385,405
Bushdid,Bushdid,313.0,314.0,0.423077,406
Bushdid,Bushdid,315.0,316.0,0.730769,407
Bushdid,Bushdid,317.0,318.0,0.769231,408
DA,Bushdid,613.0,318.0,0.769231,408
Bushdid,Bushdid,319.0,320.0,0.384615,409
DA,Bushdid,615.0,320.0,0.384615,409
Bushdid,Bushdid,321.0,322.0,0.769231,410
DA,Bushdid,617.0,322.0,0.769231,410
Bushdid,Bushdid,323.0,324.0,0.692308,411
Bushdid,Bushdid,325.0,326.0,0.423077,412
Bushdid,Bushdid,327.0,328.0,0.538462,413
DA,Bushdid,619.0,328.0,0.538462,413
Bushdid,Bushdid,329.0,330.0,0.461538,414
DA,Bushdid,621.0,330.0,0.461538,414
Bushdid,Bushdid,331.0,332.0,0.653846,415
DA,Bushdid,623.0,332.0,0.653846,415
Bushdid,Bushdid,333.0,334.0,0.692308,416
DA,Bushdid,625.0,334.0,0.692308,416
Bushdid,Bushdid,335.0,336.0,0.5,417
DA,Bushdid,627.0,336.0,0.5,417
Bushdid,Bushdid,337.0,338.0,0.423077,418
DA,Bushdid,629.0,338.0,0.423077,418
Bushdid,Bushdid,339.0,340.0,0.730769,419
Bushdid,Bushdid,341.0,342.0,0.461538,420
Bushdid,Bushdid,343.0,344.0,0.538462,421
DA,Bushdid,631.0,344.0,0.538462,421
Bushdid,Bushdid,345.0,346.0,0.730769,422
DA,Bushdid,633.0,346.0,0.730769,422
Bushdid,Bushdid,347.0,348.0,0.269231,423
DA,Bushdid,635.0,348.0,0.269231,423
Bushdid,Bushdid,349.0,350.0,0.653846,424
Bushdid,Bushdid,351.0,352.0,0.384615,425
DA,Bushdid,637.0,352.0,0.384615,425
Bushdid,Bushdid,353.0,354.0,0.230769,426
DA,Bushdid,639.0,354.0,0.230769,426
Bushdid,Bushdid,355.0,356.0,0.461538,427
DA,Bushdid,641.0,356.0,0.461538,427
Bushdid,Bushdid,357.0,358.0,0.5,428
DA,Bushdid,643.0,358.0,0.5,428
Bushdid,Bushdid,359.0,360.0,0.423077,429
DA,Bushdid,645.0,360.0,0.423077,429
Bushdid,Bushdid,361.0,362.0,0.423077,430
DA,Bushdid,647.0,362.0,0.423077,430
Bushdid,Bushdid,363.0,364.0,0.538462,431
DA,Bushdid,649.0,364.0,0.538462,431
Bushdid,Bushdid,365.0,366.0,0.346154,432
DA,Bushdid,651.0,366.0,0.346154,432
Bushdid,Bushdid,367.0,368.0,0.5,433
DA,Bushdid,653.0,368.0,0.5,433
Bushdid,Bushdid,369.0,370.0,0.538462,434
Bushdid,Bushdid,371.0,372.0,0.461538,435
DA,Bushdid,655.0,372.0,0.461538,435
Bushdid,Bushdid,373.0,374.0,0.5,436
Bushdid,Bushdid,375.0,376.0,0.730769,437
DA,Bushdid,657.0,376.0,0.730769,437
Bushdid,Bushdid,377.0,378.0,0.692308,438
DA,Bushdid,659.0,378.0,0.692308,438
Bushdid,Bushdid,379.0,380.0,0.5,439
Bushdid,Bushdid,381.0,382.0,0.307692,440
DA,Bushdid,661.0,382.0,0.307692,440
Bushdid,Bushdid,383.0,384.0,0.423077,441
DA,Bushdid,663.0,384.0,0.423077,441
Bushdid,Bushdid,387.0,388.0,0.846154,442
DA,Bushdid,665.0,388.0,0.846154,442
Bushdid,Bushdid,389.0,390.0,0.692308,443
DA,Bushdid,667.0,390.0,0.692308,443
Bushdid,Bushdid,391.0,392.0,0.346154,444
DA,Bushdid,669.0,392.0,0.346154,444
Bushdid,Bushdid,393.0,394.0,0.5,445
Bushdid,Bushdid,395.0,396.0,0.615385,446
DA,Bushdid,671.0,396.0,0.615385,446
Bushdid,Bushdid,397.0,398.0,0.538462,447
DA,Bushdid,673.0,398.0,0.538462,447
Bushdid,Bushdid,399.0,400.0,0.692308,448
Bushdid,Bushdid,401.0,402.0,0.730769,449
DA,Bushdid,675.0,402.0,0.730769,449
Bushdid,Bushdid,403.0,404.0,0.769231,450
DA,Bushdid,677.0,404.0,0.769231,450
Bushdid,Bushdid,405.0,406.0,0.538462,451
DA,Bushdid,679.0,406.0,0.538462,451
Bushdid,Bushdid,407.0,408.0,0.653846,452
DA,Bushdid,681.0,408.0,0.653846,452
Bushdid,Bushdid,409.0,410.0,0.692308,453
DA,Bushdid,683.0,410.0,0.692308,453
Bushdid,Bushdid,411.0,412.0,0.576923,454
DA,Bushdid,685.0,412.0,0.576923,454
Bushdid,Bushdid,413.0,414.0,0.461538,455
DA,Bushdid,687.0,414.0,0.461538,455
Bushdid,Bushdid,415.0,416.0,0.576923,456
DA,Bushdid,689.0,416.0,0.576923,456
Bushdid,Bushdid,417.0,418.0,0.538462,457
DA,Bushdid,691.0,418.0,0.538462,457
Bushdid,Bushdid,419.0,420.0,0.769231,458
DA,Bushdid,693.0,420.0,0.769231,458
Bushdid,Bushdid,421.0,422.0,0.653846,459
DA,Bushdid,695.0,422.0,0.653846,459
Bushdid,Bushdid,423.0,424.0,0.461538,460
DA,Bushdid,697.0,424.0,0.461538,460
Bushdid,Bushdid,425.0,426.0,0.807692,461
DA,Bushdid,699.0,426.0,0.807692,461
Bushdid,Bushdid,427.0,428.0,0.269231,462
Bushdid,Bushdid,433.0,434.0,0.576923,463
DA,Bushdid,701.0,434.0,0.576923,463
Bushdid,Bushdid,435.0,436.0,0.384615,464
DA,Bushdid,703.0,436.0,0.384615,464
Bushdid,Bushdid,437.0,438.0,0.653846,465
DA,Bushdid,705.0,438.0,0.653846,465
Bushdid,Bushdid,439.0,440.0,0.5,466
Bushdid,Bushdid,441.0,442.0,0.307692,467
Bushdid,Bushdid,443.0,444.0,0.769231,468
DA,Bushdid,707.0,444.0,0.769231,468
Bushdid,Bushdid,445.0,446.0,0.615385,469
DA,Bushdid,709.0,446.0,0.615385,469
Bushdid,Bushdid,447.0,448.0,0.576923,470
DA,Bushdid,711.0,448.0,0.576923,470
Bushdid,Bushdid,449.0,450.0,0.576923,471
DA,Bushdid,713.0,450.0,0.576923,471
Bushdid,Bushdid,451.0,452.0,0.576923,472
DA,Bushdid,715.0,452.0,0.576923,472
Bushdid,Bushdid,453.0,454.0,0.576923,473
DA,Bushdid,717.0,454.0,0.576923,473
Bushdid,Bushdid,459.0,460.0,0.538462,474
DA,Bushdid,719.0,460.0,0.538462,474
Bushdid,Bushdid,461.0,462.0,0.423077,475
Bushdid,Bushdid,463.0,464.0,0.769231,476
DA,Bushdid,721.0,464.0,0.769231,476
Bushdid,Bushdid,465.0,466.0,0.615385,477
DA,Bushdid,723.0,466.0,0.615385,477
Bushdid,Bushdid,467.0,468.0,0.846154,478
DA,Bushdid,725.0,468.0,0.846154,478
Bushdid,Bushdid,469.0,470.0,0.576923,479
Bushdid,Bushdid,471.0,472.0,0.423077,480
DA,Bushdid,727.0,472.0,0.423077,480
Bushdid,Bushdid,473.0,474.0,0.692308,481
DA,Bushdid,729.0,474.0,0.692308,481
Bushdid,Bushdid,475.0,476.0,0.730769,482
DA,Bushdid,731.0,476.0,0.730769,482
Bushdid,Bushdid,477.0,478.0,0.384615,483
DA,Bushdid,733.0,478.0,0.384615,483
Bushdid,Bushdid,479.0,480.0,0.461538,484
DA,Bushdid,735.0,480.0,0.461538,484
Bushdid,Bushdid,481.0,482.0,0.384615,485
DA,Bushdid,737.0,482.0,0.384615,485
Bushdid,Bushdid,485.0,486.0,0.384615,486
DA,Bushdid,739.0,486.0,0.384615,486
Bushdid,Bushdid,489.0,490.0,0.384615,487
DA,Bushdid,741.0,490.0,0.384615,487
Bushdid,Bushdid,491.0,492.0,0.576923,488
DA,Bushdid,743.0,492.0,0.576923,488
Bushdid,Bushdid,493.0,494.0,0.423077,489
Bushdid,Bushdid,495.0,496.0,0.076923,490
DA,Bushdid,745.0,496.0,0.076923,490
Bushdid,Bushdid,497.0,498.0,0.653846,491
DA,Bushdid,747.0,498.0,0.653846,491
Bushdid,Bushdid,499.0,500.0,0.653846,492
DA,Bushdid,749.0,500.0,0.653846,492
Bushdid,Bushdid,501.0,502.0,0.461538,493
Bushdid,Bushdid,505.0,506.0,0.730769,494
Bushdid,Bushdid,507.0,508.0,0.846154,495
DA,Bushdid,751.0,508.0,0.846154,495
Bushdid,Bushdid,509.0,510.0,0.461538,496
DA,Bushdid,753.0,510.0,0.461538,496
Bushdid,Bushdid,513.0,514.0,0.692308,497
DA,Bushdid,755.0,514.0,0.692308,497
Bushdid,Bushdid,515.0,516.0,0.730769,498
DA,Bushdid,757.0,516.0,0.730769,498
Bushdid,Bushdid,517.0,518.0,0.538462,499
Bushdid,Bushdid,519.0,520.0,0.807692,500
DA,Bushdid,759.0,520.0,0.807692,500
